--
-- Database: `hmvc`
--
CREATE DATABASE `hmvc` DEFAULT CHARACTER SET utf8 COLLATE utf8_general_ci;
USE `hmvc`;

-- --------------------------------------------------------

--
-- Table structure for table `article`
--

CREATE TABLE IF NOT EXISTS `article` (
  `idarticle` int(63) NOT NULL AUTO_INCREMENT,
  `idurl` int(63) NOT NULL,
  `idcategory` int(63) NOT NULL,
  `title` varchar(255) CHARACTER SET utf8 NOT NULL,
  `description` varchar(255) CHARACTER SET utf8 NOT NULL,
  `keywords` varchar(255) CHARACTER SET utf8 NOT NULL,
  `text` text CHARACTER SET utf8 NOT NULL,
  `price` varchar(255) CHARACTER SET utf8 NOT NULL,
  `full_image_url` varchar(255) CHARACTER SET utf8 NOT NULL,
  `image_alt` varchar(255) CHARACTER SET utf8 NOT NULL,
  `active` int(2) NOT NULL DEFAULT '1',
  PRIMARY KEY (`idarticle`),
  UNIQUE KEY `idurl` (`idurl`,`title`)
) ENGINE=InnoDB  DEFAULT CHARSET=latin1 AUTO_INCREMENT=147 ;

--
-- Dumping data for table `article`
--

INSERT INTO `article` (`idarticle`, `idurl`, `idcategory`, `title`, `description`, `keywords`, `text`, `price`, `full_image_url`, `image_alt`, `active`) VALUES
(1, 11, 2, 'Կրոմբախեր բաց', '0.66լ.', '500կկալ', '', '1100', '/artpics/beer/bottles/krombacherbac.jpg', 'Կրոմբախեր բաց', 1),
(2, 12, 7, 'Շոգեխաշված ստերլետ', '1կգ', '', '', '5000', '/artpics/beer/rak/sterlet.jpg', 'Շոգեխաշված ստերլետ', 1),
(3, 13, 2, 'Կրոմբախեր բաց', '0.33լ.', '', '', '650', '/artpics/beer/bottles/krombacherbac033.jpg', 'Կրոմբախեր բաց', 1),
(4, 14, 7, 'Շոգեխաշած իշխան', '1կգ.', '', '', '3300', '/artpics/beer/rak/ishxanepac.jpg', 'Շոգեխաշած իշխան', 1),
(5, 15, 7, 'Իշխան քարածխի վրա', '1կգ.', '', '', '3300', '/artpics/beer/rak/ishxan.jpg', 'Իշխան քարածխի վրա', 1),
(6, 16, 7, 'Գառան խաշլամա', '', '', '', '3000', '/artpics/menu/garanxashlama.jpg', 'Գառան խաշլամա', 1),
(7, 17, 1, 'Կրոմբախեր բաց', '1լ․', '', '', '2500', '/artpics/beer/draught/krombacherbac.jpg', 'Կրոմբախեր բաց', 1),
(8, 18, 2, 'Կրոմբախեր մուգ', '0.5լ.', '', '', '1100', '/artpics/beer/bottles/krombachermug.jpg', 'Կրոմբախեր մուգ', 1),
(9, 19, 1, 'Կրոմբախեր մուգ', '1լ.', '', '', '2500', '/artpics/beer/draught/krombachermug.jpg', 'Կրոմբախեր մուգ', 1),
(10, 20, 2, 'Կրոմբախեր ոչ ֆիլտրացված ցորենի', '0.5լ.', '', '', '1100', '/artpics/beer/bottles/krombacherchfiltrac.jpg', 'Կրոմբախեր ոչ ֆիլտրացված ցորենի', 1),
(11, 21, 1, 'Կրոմբախեր ոչ ֆիլտրացված ցորենի', '1լ.', '', '', '2650', '/artpics/beer/draught/krombacherchfiltrac.jpg', 'Կրոմբախեր ոչ ֆիլտրացված ցորենի', 1),
(12, 22, 6, 'Նյուրնբերգյան նրբերշիկ', '', '', '', '1600', '/artpics/njurnberskisosiska.jpg', 'Նյուրնբերգյան նրբերշիկ', 1),
(13, 23, 6, 'Խոզի նրբերշիկ Վինեվյուրստ', '', '', '', '1700', '/artpics/vinevyurt.jpg', 'Խոզի նրբերշիկ Վինեվյուրստ', 1),
(14, 24, 6, 'Նրբերշիկ պանրով', '', '', '', '1300', '/artpics/sosiskissirom.jpg', 'Նրբերշիկ պանրով', 1),
(15, 25, 6, 'Տավարի նրբերշիկ Մյուլլեր', '', '', '', '1500', '/artpics/govyajisosiskimyuller.jpg', 'Տավարի նրբերշիկ Մյուլլեր', 1),
(16, 26, 6, 'Խոզի նրբերշիկ Շինկենֆիլֆուրստ', '', '', '', '2500', '/artpics/svinniesosiskishinkenfusrt.jpg', 'Խոզի նրբերշիկ Շինկենֆիլֆուրստ', 1),
(17, 27, 6, 'Խոզի նրբերշիկ Ռոուտ Վյուրտ', '', '', '', '1400', '/artpics/routvyurt.jpg', 'Խոզի նրբերշիկ Ռոուտ Վյուրտ', 1),
(18, 28, 6, 'Նրբերշիկ խոզապուխտով', '', '', '', '1500', '/artpics/sosiskasvetchinoy.jpg', 'Նրբերշիկ խոզապուխտով', 1),
(19, 29, 6, 'Հնդկահավի ազդր', '400գր.', '', '', '7000', '/artpics/okorok_indeyki.jpg', 'Հնդկահավի ազդր', 0),
(20, 30, 6, 'Խոզի բուդ Շվայնեհաքսե ', '2200-2500գր.', '', '', '12500', '/artpics/6.jpg', 'Խոզի բուդ Շվայնեհաքսե ', 1),
(21, 31, 6, 'Միս գերմանական ձևով Լիբերկիա Ֆայն', '', '', '', '3050', '/theme/style/img/article_default.png', 'Միս գերմանական ձևով Լիբերկիա Ֆայն', 0),
(22, 32, 6, 'Բավարական նրբերշիկներ + Շվայնեակսի', '', '', '', '17000', '/theme/style/img/article_default.png', 'Բավարական նրբերշիկներ + Շվայնեակսի', 0),
(23, 33, 11, 'Աղցան <<Կրոմբախեր>>', '', '', 'տավարի միս, սմբուկ, հազառ, մայոնեզ, կետչուպ', '1800', '/artpics/menu/krombacher.jpg', 'Աղցան <<Կրոմբախեր>>', 1),
(24, 34, 11, 'Աղցան Մայրաքաղաքային', '', '', '', '800', '/artpics/menu/stolichni.jpg', 'Աղցան Մայրաքաղաքային', 1),
(25, 35, 11, 'Աղցան Օլիվյե', '', '', 'տավարի միս, հավկիթ, կանաչ ոլոռ, մայոնեզ', '900', '/artpics/menu/olivye.jpg', 'Աղցան Օլիվյե', 1),
(26, 36, 11, 'Աղցան Կեսար', '', '', 'հավի կրծքամիս, հազար, բոված հացի կտորներ, լոլիկ, պանիր, պարմեզան, սոուս', '1200', '/artpics/menu/cezaraxcan.jpg', 'Աղցան Կեսար', 1),
(27, 37, 11, 'Աղցան Հունական', '', '', 'լոլիկ, վարունգ, ֆետակի պանիր', '800', '/artpics/menu/hunakanaxcan.jpg', 'Աղցան Հունական', 1),
(28, 38, 11, 'Աղցան Ամառային', '', '', 'լոլիկ, վարունգ, սոխ, կանաչի', '600', '/artpics/menu/amarayin.jpg', 'Աղցան Ամառային', 1),
(29, 39, 11, 'Աղցան Հավի մսով', '', '', '', '1000', '/artpics/menu/havovaxcan.jpg', 'Աղցան Հավի մսով', 1),
(30, 40, 11, 'Աղցան Սնկով', '', '', '', '1200', '/artpics/menu/salatsgribami.jpg', 'Աղցան Սնկով', 1),
(31, 41, 10, 'Ձկան տեսականի', '', '', 'յուղաձուկ, օձաձուկ, սաղմոն, պալտուս', '5000', '/artpics/menu/zkantesakani.jpg', 'Ձկան տեսականի', 1),
(32, 42, 10, 'Մսի տեսականի', '', '', 'բաստուրմա, տավարի լեզու, խոզապուխտ, ապխտած երշիկ', '1800', '/artpics/menu/msitesakani.jpg', 'Մսի տեսականի', 1),
(33, 43, 10, 'Պանրի տեսականի', '', '', 'լոռի,հոլանդական պանիր, դորբլու,ապխտած պանիր', '1600', '/artpics/menu/panritesakani.jpg', 'Պանրի տեսականի', 1),
(34, 44, 10, 'Թթվի տեսականի', '', '', 'լոլիկ, վարունգ, կաղամբ, գազար, ծաղկակաղամբ', '800', '/artpics/beer/rak/ttu.jpg', 'Թթվի տեսականի', 1),
(35, 45, 10, 'Ծովատառեխի ֆիլե խաշած կարտոֆիլով', '', '', '', '1100', '/artpics/beer/rak/seld.jpg', 'Ծովատառեխի ֆիլե խաշած կարտոֆիլով', 1),
(36, 46, 10, 'Սկումբրիա խաշած կարտոֆիլով', '', '', '', '1700', '/artpics/menu/skumbriaxashackartoshkov.jpg', 'Սկումբրիա խաշած կարտոֆիլով', 1),
(37, 47, 10, 'Ձիթապտուղ սև,կանաչ', '', '', '', '550', '/artpics/menu/zeytun.jpg', 'Ձիթապտուղ սև,կանաչ', 1),
(38, 48, 10, 'Թարմ կանաչի', '', '', '', '500', '/artpics/menu/xarykanachi.jpg', 'Թարմ կանաչի', 1),
(39, 49, 10, 'Կիտրոն', '', '', '', '300', '/artpics/menu/limon.jpg', 'Կիտրոն', 1),
(40, 50, 10, 'Հաց,լավաշ', '', '', '', '300', '/artpics/beer/rak/hac.jpg', 'Հաց', 1),
(41, 51, 9, 'Խոզի մատներ սոուսով', '', '', '', '2500', '/artpics/menu/xozimatsousov.jpg', 'Խոզի մատներ սոուսով', 1),
(42, 52, 9, 'Տապակած հավի թևիկներ կծու սոուսով', '', '', '', '1500', '/artpics/menu/havitevikner.jpg', 'Տապակած հավի թևիկներ կծու սոուսով', 1),
(43, 53, 9, 'Պաքսիմատապատված հավի թևիկներ', '', '', '', '1500', '/artpics/menu/paksimatacvachavitevikner.jpg', 'Պաքսիմատապատված հավի թևիկներ', 1),
(44, 54, 9, 'Պանրային կրոկետներ', '', '', '', '1200', '/artpics/menu/panrayinkroketner.jpg', 'Պանրային կրոկետներ', 1),
(45, 55, 9, 'Տապակած կարտոֆիլ   նրբերշիկով', '', '', '', '1200', '/artpics/menu/tapakackartolnrbershikov.jpg', 'Տապակած կարտոֆիլ   նրբերշիկով', 1),
(46, 56, 9, 'Տապակած կարտոֆիլ սարդելկայով', '', '', '', '1200', '/artpics/menu/tapakackartolnrbershikov.jpg', 'Տապակած կարտոֆիլ սարդելկայով', 1),
(47, 57, 9, 'Տնական խոզի տապակա', '', '', '', '1200', '/artpics/menu/tnakanxozitapaka.jpg', 'Տնական խոզի տապակա', 1),
(48, 58, 9, 'Բուֆֆալո հավի թևիկներ', '', '', '', '1500', '/artpics/beer/rak/buffalo.jpg', 'Բուֆֆալո հավի թևիկներ', 1),
(49, 59, 7, 'Ստերլետ քարածխի վրա', '', '', '', '5000', '/artpics/beer/rak/sterlet2.jpg', 'Ստերլետ քարածխի վրա', 1),
(50, 60, 7, 'Ճտի տապակա կարտոֆիլով', '', '', '', '1800', '/artpics/menu/frichutov.jpg', 'Ճտի տապակա կարտոֆիլով', 1),
(51, 61, 7, 'Տժվժիկ', '', '', '', '1200', '/artpics/menu/tjvjik.jpg', 'Տժվժիկ', 1),
(52, 62, 8, 'Գառան թիակ կարտոֆիլով', '', '', '', '6500', '/artpics/beer/rak/tiak.jpg', 'Գառան թիակ կարտոֆիլով', 1),
(53, 63, 8, 'Գառան խորոված', '', '', '', '3000', '/artpics/beer/rak/garanxorovac.jpg', 'Գառան խորոված', 1),
(54, 64, 8, 'Հավ կարտոֆիլով', '', '', '', '3000', '/artpics/menu/xorovachavkartofilov.jpg', 'Հավ կարտոֆիլով', 1),
(55, 65, 8, 'Խոզի չալաղաջ', '', '', '', '2700', '/artpics/menu/tonrixozichalaxaj.jpg', 'Խոզի չալաղաջ', 1),
(56, 66, 8, 'Խոզի մատներ, սոուսով, կծու սուսով', '400գր.', '', '', '1950', '/artpics/menu/xozimat.jpg', 'Խոզի մատներ', 1),
(57, 67, 8, 'Խոզի փափուկ', '400գր.', '', '', '2600', '/artpics/menu/xozipapuk.jpg', 'Խոզի փափուկ', 1),
(58, 68, 8, 'Տավարի սուկի խորոված', '350գր.', '', '', '2950', '/artpics/beer/rak/tavarisuki.jpg', 'Տավարի սուկի խորոված', 1),
(59, 69, 8, 'Կարտոֆիլ, (պլեճ)', '400գր.', '', '', '400', '/artpics/menu/tonrikartol.jpg', 'Կարտոֆիլ', 1),
(60, 70, 12, 'Բրինձ բանջարեղենով', '', '', '', '600', '/artpics/menu/brinzbanjarexenov.jpg', 'Բրինձ բանջարեղենով', 1),
(61, 71, 12, 'Կարտոֆիլ գյուղական ձևով', '', '', '', '400', '/artpics/menu/gyuxikartol.jpg', 'Կարտոֆիլ գյուղական ձևով', 1),
(62, 72, 12, 'Կարտոֆիլ պյուրե', '', '', '', '500', '/artpics/menu/pyure.jpg', 'Կարտոֆիլ պյուրե', 1),
(63, 73, 12, 'Կարտոֆիլ ֆրի', '', '', '', '400', '/artpics/menu/free.jpg', 'Կարտոֆիլ ֆրի', 1),
(64, 74, 12, 'Հաճարով փլավ սնկով', '', '', '', '700', '/artpics/beer/rak/hacharovplav.jpg', 'Հաճարով փլավ սնկով', 1),
(65, 75, 14, 'Գինի իջևան', '150մլ.', '', '', '3000', '/theme/style/img/article_default.png', 'Գինի իջևան', 0),
(66, 76, 14, 'Գինի Արենի', '150մլ.', '', '', '3000', '/theme/style/img/article_default.png', 'Գինի Արենի', 0),
(67, 77, 13, 'Բնական հյութեր Սանդորա', '1լ.', '', '', '1000', '/artpics/beer/rak/sandora.jpg', 'Բնական հյութեր Սանդորա', 1),
(68, 78, 13, 'Կոկա-Կոլա', '0.5լ.', '', '', '350', '/artpics/beer/rak/cola.jpg', 'Կոկա-Կոլա', 1),
(69, 79, 13, 'Ֆանտա', '0.5լ.', '', '', '350', '/artpics/beer/rak/fanta.jpg', 'Ֆանտա', 1),
(70, 80, 13, 'Հանքային ջուր', '0,5լ.', '', 'Գազավորված. Բջնի, Դիլիջան, Ջերմուկ', '200', '/artpics/beer/rak/watergazov.jpg', 'Հանքային ջուր', 1),
(71, 81, 13, 'Աղբյուրի ջուր', '0.5լ.', '', 'Դիլիջան', '200', '/artpics/beer/rak/water.jpg', 'Աղբյուրի ջուր', 1),
(72, 82, 13, 'Լիմոնադ', '0.5լ.', '', 'Զովք', '200', '/artpics/beer/rak/papakarlo.jpg', 'Լիմոնադ', 1),
(73, 83, 13, 'Սպրայտ', '0.5լ.', '', '', '350', '/artpics/beer/rak/sprite.jpg', 'Սպրայտ', 1),
(74, 84, 14, 'Գինի Վերնաշեն', '150մլ.', '', '', '3000', '/theme/style/img/article_default.png', 'Գինի Վերնաշեն', 0),
(75, 85, 14, 'Գինի Արմենիա', '150մլ.', '', '', '3000', '/theme/style/img/article_default.png', 'Գինի Արմենիա', 0),
(76, 86, 5, 'Խեցգետին', '20-40 գրամանոց - 1կգ.', '', 'Եփված ձեր ընտրված ձևով', '2500', '/artpics/beer/rak/20-40.jpg', 'Խեցգետին', 1),
(77, 87, 5, 'Խեցգետին', '40-60 գրամանոց - 1կգ.', '', 'Եփված ձեր ընտրված ձևով', '3500', '/artpics/beer/rak/40-60.jpg', 'Խեցգետին', 1),
(78, 88, 5, 'Խեցգետին', '60-80 գրամանոց - 1կգ.', '', 'Եփված ձեր ընտրված ձևով', '5700', '/artpics/beer/rak/60-80.jpg', 'Խեցգետին', 1),
(79, 89, 5, 'Խեցգետին', '80-100 գրամանոց - 1 կգ.', '', 'Եփված ձեր ընտրված ձևով', '10700', '/artpics/beer/rak/80-100.jpg', 'Խեցգետին', 1),
(80, 90, 3, 'Չորացրած գայլաձուկ', '1 հատ', '', '', '2500', '/artpics/shuka.jpg', 'Չորացրած գայլաձուկ', 1),
(81, 91, 3, 'Սուդակ', '1 հատ', '', '', '2500', '/artpics/sudak.jpg', 'Սուդակ', 1),
(82, 92, 3, 'Վոբլա', '1 հատ', '', '', '1200', '/artpics/vobla.jpg', 'Վոբլա', 1),
(83, 93, 3, 'Բրամ', '1 հատ', '', '"Լյեշ"', '2500', '/artpics/lesh.jpg', 'Բրամ', 1),
(84, 94, 3, 'Տափակաձուկ', '50գր.', '', 'կամբալա', '950', '/artpics/kambala.jpg', 'Տափակաձուկ', 1),
(85, 95, 3, 'Ասեղ', '50գր.', '', '', '950', '/artpics/igla.jpg', 'Ասեղ', 1),
(86, 96, 3, 'Օձաձուկ', '50գր.', '', '', '950', '/artpics/ugr.jpg', 'Օձաձուկ', 1),
(87, 97, 3, 'Արքայական', '50գր.', '', '', '950', '/artpics/carskaya.jpg', 'Արքայական', 1),
(88, 98, 3, 'Դեղին շերտավոր կետաձուկ', '50գր.', '', '', '950', '/artpics/jeltipolosatik.jpg', 'Դեղին շերտավոր կետաձուկ', 1),
(89, 99, 3, 'Անչոուս', '50գր.', '', '', '950', '/artpics/anchous.jpg', 'Անչոուս', 1),
(90, 100, 3, 'Ասորտի', '', '', '5 տեսակ', '4800', '/artpics/asorti.jpg', 'Ասորտի', 1),
(91, 101, 3, 'Ծովային լիզնակ', '50գր.', '', '"լիզուն"', '950', '/artpics/lizun.jpg', 'Ծովային լիզնակ', 1),
(92, 102, 3, 'Առյուծ', '50գր.', '', '', '950', '/artpics/lev.jpg', 'Առյուծ', 1),
(93, 103, 3, 'Սաղմոնի փորիկներ', '50գր.', '', '', '950', '/artpics/bryushkisyomgi.jpg', 'Սաղմոնի փորիկներ', 1),
(94, 104, 3, 'Մինտայ', '50գր.', '', '', '950', '/artpics/mintay.jpg', 'Մինտայ', 1),
(95, 105, 3, 'Սապատաձկի փորիկներ', '150գր.', '', '', '1950', '/artpics/gorbusha.jpg', 'Սապատաձկի փորիկներ', 1),
(96, 106, 3, 'Ապխտած խոզի ականջներ, թշիկներ, դնչիկներ', '', '', '', '2100', '/artpics/kapchenniesvinnieushki.jpg', 'Ապխտած խոզի ականջներ,թշիկներ,դնչիկներ', 1),
(97, 107, 3, 'Ջերկի', '42գր.', '', '', '650', '/artpics/jerki.jpg', 'Ջերկի', 1),
(98, 108, 3, 'Ապխտած պանիր', '', '', '', '700', '/artpics/apxtacpanir.jpg', 'Ապխտած պանիր', 1),
(99, 109, 3, 'Կարտոֆիլի չիփս', '', '', 'Լեյս', '500', '/artpics/beer/rak/chips.jpg', 'Կարտոֆիլի չիփս', 1),
(100, 110, 3, 'Սիսեռ', '150գր.', '', '', '250', '/artpics/siser.jpg', 'Սիսեռ', 1),
(101, 111, 3, 'Բոված հաց սխտորով', '', '', '', '400', '/artpics/beer/rak/grenki.jpg', 'Բոված հաց սխտորով', 1),
(102, 112, 1, 'Էիխեյներ', '1լ.', '', '', '1950', '/artpics/beer/draught/eichener.jpg', 'Eichener', 1),
(103, 113, 1, 'Բակալար', '1լ.', '', '', '2100', '/artpics/beer/draught/bakalar.jpg', 'Bakalar', 1),
(104, 114, 1, 'Ստարոպրամեն', '1լ.', '', '', '2350', '/artpics/beer/draught/staropramen.jpg', 'Staropramen', 1),
(105, 115, 1, 'Պրաժեչկա', '1լ.', '', '', '2100', '/artpics/beer/draught/prajechka.jpg', 'Պրաժեչկա', 1),
(106, 116, 1, 'Կոտայք', '1լ.', '', '', '750', '/artpics/beer/draught/kotayk.jpg', 'Կոտայք', 1),
(107, 117, 1, 'Կիլիկիա', '1լ.', '', '', '750', '/artpics/beer/draught/kilikia.jpg', 'Կիլիկիա', 1),
(108, 145, 8, 'Խոզի կողոսկր բարբեքյու սոուսով', '400գր․', '', '', '1950', '/artpics/', '', 0),
(109, 146, 8, 'Խոզի մատներ, կծու սոուսով ', '400գր.', '', '', '2500', '/artpics/', '', 0),
(110, 147, 13, 'Պեպսի', '0.5լ․', '', '', '350', '/artpics/', '', 1),
(111, 148, 13, 'Մելինդա', '0.5լ․', '', '', '350', '/artpics/', '', 1),
(112, 149, 13, 'Սեվեն ափ', '0.5լ․', '', '', '350', '/artpics/', '', 1),
(113, 150, 13, 'Թան ապարան', '0.5լ․', '', '', '250', '/artpics/tan.jpg', '', 1),
(114, 151, 13, 'Մածնաբրթոշ', '0.5լ․ ակռոշկա', '', '', '350', '/artpics/okroshka.jpg', '', 1),
(115, 153, 2, 'Պրաժեչկա', '0.5լ', '', '', '750', '/artpics/beer/bottles/prezecka.jpg', '', 1),
(116, 155, 2, 'Ստարոպրամեն', '0.5լ․', '', '', '750', '/artpics/beer/bottles/starop.jpg', '', 1),
(117, 156, 2, 'Բակալար', '0.5լ․', '', '', '750', '/artpics/beer/bottles/bakalar.jpg', '', 1),
(118, 158, 2, 'Ստարոպրամեն', '0.33լ․', '', '', '600', '/artpics/beer/bottles/starop2.jpg', '', 1),
(119, 159, 8, 'Խոզի կողոսկր սպիտակ սոուսով', '400գր․', '', '', '1950', '/artpics/', '', 0),
(120, 160, 8, 'Խոզի խառը', '400գր․', '', '', '2400', '/artpics/xoz-xar.jpg', '', 1),
(121, 161, 8, 'Խոզի փափուկ', '400գր․', '', '', '2600', '/artpics/', '', 0),
(122, 162, 8, 'Խոզի իքի֊բիր', '400գր․', '', '', '950', '/artpics/iqibir.jpg', '', 1),
(123, 163, 8, 'Գառան չալաղաջ', '400գր․', '', '', '2700', '/artpics/', '', 0),
(124, 164, 8, 'Հավի թևիկներ', '400գր․', '', '', '1200', '/artpics/5434.jpg', '', 1),
(125, 165, 8, 'Հավի ազդր', '400գր․', '', '', '1400', '/artpics/1.jpg', '', 1),
(126, 166, 8, 'խորոված սունկ', '400գր․', '', '', '900', '/artpics/xorovac-sunk.jpg', '', 1),
(127, 167, 8, 'Խորոված կարտոֆիլ', '400գր․', '', '', '400', '/artpics/', '', 0),
(128, 168, 8, 'Խորոված կարտոֆիլ սալով, դմակով', '400գր․', '', '', '500', '/artpics/kartofil-salov.jpg', '', 1),
(129, 169, 8, 'Քյաբաբ խոզի', '', '', '', '700', '/artpics/kebbab.jpg', '', 1),
(130, 170, 8, 'Քյաբաբ հավի', '', '', '', '700', '/artpics/kebbab.jpg', '', 1),
(131, 171, 8, 'Գրիլ', '', '', '', '3000', '/artpics/gril.jpg', '', 1),
(132, 172, 8, 'Շաուրմա խոզի', '', '', '', '800', '/artpics/shaurma-xoz.jpg', '', 1),
(133, 173, 8, 'Շաուրմա հավի', '', '', '', '800', '/artpics/shaurma-xoz.jpg', '', 1),
(134, 174, 8, 'Լահմաջո փոքր', '', '', '', '200', '/artpics/lahmajo.jpg', '', 1),
(135, 175, 8, 'Լահմաջո մեծ', '', '', '', '450', '/artpics/lahmajo.jpg', '', 1),
(136, 176, 9, 'Կարկանդակ', 'հավի մսով', '', '', '250', '/artpics/karkandak.jpg', '', 1),
(137, 178, 9, 'Կարկանդակ', 'տավարի մսով', '', '', '250', '/artpics/karkandak.jpg', '', 1),
(138, 179, 9, 'Կարկանդակ', 'սնկով', '', '', '250', '/artpics/karkandak.jpg', '', 1),
(139, 180, 9, 'Կարկանդակ', 'կարտոֆիլով', '', '', '250', '/artpics/karkandak.jpg', '', 1),
(140, 181, 9, 'Կարկանդակ', 'պանրով', '', '', '250', '/artpics/karkandak.jpg', '', 1),
(141, 182, 9, 'Կարկանդակ', 'պանրով և խոզապուխտով', '', '', '250', '/artpics/karkandak.jpg', '', 1),
(142, 183, 9, 'Իմերիթական խաչապուրի', '', '', '', '1400', '/artpics/imeritakan.jpg', '', 1),
(143, 184, 9, 'Մեգրելական խաչապուրի', '', '', '', '1900', '/artpics/megrelakan.jpg', '', 1),
(144, 185, 9, 'Խաչապուրի պանրով', '', '', '', '250', '/artpics/xachapuri.jpg', '', 1),
(145, 186, 3, 'Աղի Պիստակ', '100գր․', '', '', '1000', '/artpics/pistak.jpg', '', 1),
(146, 187, 3, 'Պոպկորն', 'ադի֊բուդի, 200գր․', '', '', '250', '/artpics/popcorn.jpg', '', 1);

-- --------------------------------------------------------

--
-- Table structure for table `category`
--

CREATE TABLE IF NOT EXISTS `category` (
  `idcategory` int(63) NOT NULL AUTO_INCREMENT,
  `idurl` int(63) NOT NULL,
  `idparent` int(63) NOT NULL,
  `title` varchar(255) NOT NULL,
  `description` varchar(255) NOT NULL,
  `keywords` varchar(255) NOT NULL,
  `active` int(2) NOT NULL DEFAULT '1',
  PRIMARY KEY (`idcategory`),
  UNIQUE KEY `idurl` (`idurl`,`title`)
) ENGINE=InnoDB  DEFAULT CHARSET=utf8 AUTO_INCREMENT=17 ;

--
-- Dumping data for table `category`
--

INSERT INTO `category` (`idcategory`, `idurl`, `idparent`, `title`, `description`, `keywords`, `active`) VALUES
(1, 118, 2, 'Գարեջուր լցնովի', '', '', 1),
(2, 119, 2, 'Գարեջուր շշով', '', '', 1),
(3, 120, 1, 'Գարեջրի խորտիկներ', '', '', 1),
(4, 121, 1, 'Ձկան տեսականի', '', '', 0),
(5, 122, 1, 'Խեցգետին', '', '', 1),
(6, 123, 1, 'Բավարական խորտիկներ', '', '', 1),
(7, 124, 1, 'Տաք ուտեստներ', '', '', 1),
(8, 125, 1, 'Թոնրի տաք ուտեստներ', '', '', 1),
(9, 126, 1, 'Տաք խորտիկներ', '', '', 1),
(10, 127, 1, 'Սառը խորտիկներ', '', '', 1),
(11, 128, 1, 'Աղցաններ', '', '', 1),
(12, 129, 1, 'Խավարտ', '', '', 1),
(13, 130, 2, 'Զովացուցիչ ըմպելիքներ', '', '', 1),
(14, 131, 2, 'Գինի', '', '', 0),
(15, 132, 2, 'Օղի', '', '', 0),
(16, 133, 3, 'Ծխախոտ', '', '', 0);

-- --------------------------------------------------------

--
-- Table structure for table `feedback`
--

CREATE TABLE IF NOT EXISTS `feedback` (
  `idfeedback` int(63) NOT NULL AUTO_INCREMENT,
  `username` varchar(64) NOT NULL,
  `email` varchar(64) NOT NULL,
  `site` varchar(64) NOT NULL,
  `city` varchar(100) NOT NULL,
  `message` text NOT NULL,
  `date` timestamp NOT NULL DEFAULT CURRENT_TIMESTAMP,
  `_server_serialized` text NOT NULL,
  PRIMARY KEY (`idfeedback`)
) ENGINE=InnoDB  DEFAULT CHARSET=utf8 AUTO_INCREMENT=5 ;

--
-- Dumping data for table `feedback`
--

INSERT INTO `feedback` (`idfeedback`, `username`, `email`, `site`, `city`, `message`, `date`, `_server_serialized`) VALUES
(1, 'tualatin', 'tualatin@tualatin.com', 'tualatin.com', 'yerevan', 'Շնորհակալություն շատ համեղ էր։', '2014-02-28 15:34:02', ''),
(2, 'tualatini', 'tualatin@tualatini.com', 'tualatini.com', 'yerevani', 'Շատ եմ սիրում ձեր խորտիկները և գարեջուրը։', '2014-02-28 15:34:02', ''),
(3, 'tualatini5', 'tualatin@tualatini.com6', 'tualatini.com6', 'yerevani', 'Հոյակապ սպասարկում, առաջին անգամն է որ գրիլը նորմալ են սարքում։', '2014-02-28 15:34:02', ''),
(4, '456464654654', 'aram.xs@gmail.com', '', '', 'sdfsfsdh sdkh hj hwefhowhf oe owhe', '2014-04-06 17:54:17', 'a:34:{s:15:"REDIRECT_STATUS";s:3:"200";s:9:"HTTP_HOST";s:10:"hmvc.local";s:15:"HTTP_CONNECTION";s:10:"keep-alive";s:14:"CONTENT_LENGTH";s:3:"108";s:18:"HTTP_CACHE_CONTROL";s:9:"max-age=0";s:11:"HTTP_ACCEPT";s:74:"text/html,application/xhtml+xml,application/xml;q=0.9,image/webp,*/*;q=0.8";s:11:"HTTP_ORIGIN";s:17:"http://hmvc.local";s:15:"HTTP_USER_AGENT";s:105:"Mozilla/5.0 (X11; Linux x86_64) AppleWebKit/537.36 (KHTML, like Gecko) Chrome/33.0.1750.146 Safari/537.36";s:12:"CONTENT_TYPE";s:33:"application/x-www-form-urlencoded";s:12:"HTTP_REFERER";s:30:"http://hmvc.local/feedback/add";s:20:"HTTP_ACCEPT_ENCODING";s:17:"gzip,deflate,sdch";s:20:"HTTP_ACCEPT_LANGUAGE";s:32:"en-US,en;q=0.8,ru;q=0.6,hy;q=0.4";s:11:"HTTP_COOKIE";s:36:"PHPSESSID=rd454odkvhlfqmag8kpjs2aeo4";s:4:"PATH";s:28:"/usr/local/bin:/usr/bin:/bin";s:16:"SERVER_SIGNATURE";s:71:"<address>Apache/2.2.22 (Ubuntu) Server at hmvc.local Port 80</address>\n";s:15:"SERVER_SOFTWARE";s:22:"Apache/2.2.22 (Ubuntu)";s:11:"SERVER_NAME";s:10:"hmvc.local";s:11:"SERVER_ADDR";s:9:"127.0.0.2";s:11:"SERVER_PORT";s:2:"80";s:11:"REMOTE_ADDR";s:9:"127.0.0.1";s:13:"DOCUMENT_ROOT";s:41:"/home/quad9550/WANCLOUD/hmvc.local/public";s:12:"SERVER_ADMIN";s:16:"admin@hmvc.local";s:15:"SCRIPT_FILENAME";s:51:"/home/quad9550/WANCLOUD/hmvc.local/public/index.php";s:11:"REMOTE_PORT";s:5:"51995";s:12:"REDIRECT_URL";s:13:"/feedback/add";s:17:"GATEWAY_INTERFACE";s:7:"CGI/1.1";s:15:"SERVER_PROTOCOL";s:8:"HTTP/1.1";s:14:"REQUEST_METHOD";s:4:"POST";s:12:"QUERY_STRING";s:0:"";s:11:"REQUEST_URI";s:13:"/feedback/add";s:11:"SCRIPT_NAME";s:10:"/index.php";s:8:"PHP_SELF";s:10:"/index.php";s:18:"REQUEST_TIME_FLOAT";d:1396806857.5650001;s:12:"REQUEST_TIME";i:1396806857;}');

-- --------------------------------------------------------

--
-- Table structure for table `news`
--

CREATE TABLE IF NOT EXISTS `news` (
  `idnews` int(63) NOT NULL AUTO_INCREMENT,
  `idurl` int(63) NOT NULL,
  `title` varchar(255) NOT NULL,
  `description` varchar(255) NOT NULL,
  `text` text NOT NULL,
  `date` timestamp NOT NULL DEFAULT CURRENT_TIMESTAMP,
  PRIMARY KEY (`idnews`),
  UNIQUE KEY `idurl` (`idurl`,`title`,`description`)
) ENGINE=InnoDB  DEFAULT CHARSET=utf8 AUTO_INCREMENT=3 ;

--
-- Dumping data for table `news`
--

INSERT INTO `news` (`idnews`, `idurl`, `title`, `description`, `text`, `date`) VALUES
(1, 8, 'Այժմ կարող եք ըմպել Կրոմբախեր գարեջուրը 20% զեղչով։', 'Կրոմբախեր գարեջուրը այսուհետ կարող եք պատվիրել և վայելել 2 անգամ ավելի շատ նույն գնով։', 'Կրոմբախեր գարեջուրը այսուհետ կարող եք պատվիրել և վայելել 2 անգամ ավելի շատ նույն գնով։', '2014-02-27 20:00:00'),
(2, 8, 'Այսուհետև նախկինում առկա ձկնեղենը հասանելի է էլ ավելի ցածր գնով։', 'Երկար դադարից հետո կրկին լրացրեցինք մեր պահեստները թարմ էկսկլուղիվ ձկնեղենով , ․․․', 'Երկար դադարից հետո կրկին լրացրեցինք մեր պահեստները թարմ էկսկլուղիվ ձկնեղենով , ․․․', '2014-02-27 20:00:00');

-- --------------------------------------------------------

--
-- Table structure for table `orders`
--

CREATE TABLE IF NOT EXISTS `orders` (
  `idorder` int(63) NOT NULL AUTO_INCREMENT,
  `item_number` varchar(255) NOT NULL,
  `item_name` text NOT NULL,
  `quantity` varchar(255) NOT NULL,
  `amount` varchar(255) NOT NULL,
  `date` timestamp NOT NULL DEFAULT CURRENT_TIMESTAMP,
  `delivery_date` text NOT NULL,
  `name` varchar(255) NOT NULL,
  `email` varchar(255) NOT NULL,
  `address` varchar(255) NOT NULL,
  `phone` varchar(255) NOT NULL,
  `message` text NOT NULL,
  `count_sum` varchar(255) NOT NULL,
  `price_sum` varchar(255) NOT NULL,
  `user_agent` text NOT NULL,
  `user_session` text NOT NULL,
  `status` varchar(45) NOT NULL,
  PRIMARY KEY (`idorder`)
) ENGINE=InnoDB  DEFAULT CHARSET=utf8 AUTO_INCREMENT=28 ;

--
-- Dumping data for table `orders`
--

INSERT INTO `orders` (`idorder`, `item_number`, `item_name`, `quantity`, `amount`, `date`, `delivery_date`, `name`, `email`, `address`, `phone`, `message`, `count_sum`, `price_sum`, `user_agent`, `user_session`, `status`) VALUES
(1, '31,33,35', 'Ձկան տեսականի,Պանրի տեսականի,Ծովատառեխի ֆիլե խաշած կարտոֆիլով', '1,1,1', '5000,1800,1100', '2014-04-09 17:25:08', 'Deliver now !!!', '', '', 'City/Street :  <br>Home/Flat Number :  <br>Building Number :  <br>More Details : , ', '+37495449060', 'More Notes : , ', '3', '7900', 'a:34:{s:15:"REDIRECT_STATUS";s:3:"200";s:9:"HTTP_HOST";s:10:"hmvc.local";s:15:"HTTP_CONNECTION";s:10:"keep-alive";s:14:"CONTENT_LENGTH";s:3:"943";s:18:"HTTP_CACHE_CONTROL";s:9:"max-age=0";s:11:"HTTP_ACCEPT";s:74:"text/html,application/xhtml+xml,application/xml;q=0.9,image/webp,*/*;q=0.8";s:11:"HTTP_ORIGIN";s:17:"http://hmvc.local";s:15:"HTTP_USER_AGENT";s:105:"Mozilla/5.0 (X11; Linux x86_64) AppleWebKit/537.36 (KHTML, like Gecko) Chrome/33.0.1750.152 Safari/537.36";s:12:"CONTENT_TYPE";s:33:"application/x-www-form-urlencoded";s:12:"HTTP_REFERER";s:26:"http://hmvc.local/checkout";s:20:"HTTP_ACCEPT_ENCODING";s:17:"gzip,deflate,sdch";s:20:"HTTP_ACCEPT_LANGUAGE";s:32:"en-US,en;q=0.8,ru;q=0.6,hy;q=0.4";s:11:"HTTP_COOKIE";s:36:"PHPSESSID=vuje6gut399km5n31ip498i4m3";s:4:"PATH";s:28:"/usr/local/bin:/usr/bin:/bin";s:16:"SERVER_SIGNATURE";s:71:"<address>Apache/2.2.22 (Ubuntu) Server at hmvc.local Port 80</address>\n";s:15:"SERVER_SOFTWARE";s:22:"Apache/2.2.22 (Ubuntu)";s:11:"SERVER_NAME";s:10:"hmvc.local";s:11:"SERVER_ADDR";s:9:"127.0.0.2";s:11:"SERVER_PORT";s:2:"80";s:11:"REMOTE_ADDR";s:9:"127.0.0.1";s:13:"DOCUMENT_ROOT";s:41:"/home/quad9550/WANCLOUD/hmvc.local/public";s:12:"SERVER_ADMIN";s:16:"admin@hmvc.local";s:15:"SCRIPT_FILENAME";s:51:"/home/quad9550/WANCLOUD/hmvc.local/public/index.php";s:11:"REMOTE_PORT";s:5:"35776";s:12:"REDIRECT_URL";s:14:"/checkout/gate";s:17:"GATEWAY_INTERFACE";s:7:"CGI/1.1";s:15:"SERVER_PROTOCOL";s:8:"HTTP/1.1";s:14:"REQUEST_METHOD";s:4:"POST";s:12:"QUERY_STRING";s:0:"";s:11:"REQUEST_URI";s:14:"/checkout/gate";s:11:"SCRIPT_NAME";s:10:"/index.php";s:8:"PHP_SELF";s:10:"/index.php";s:18:"REQUEST_TIME_FLOAT";d:1397064308.01;s:12:"REQUEST_TIME";i:1397064308;}', 'a:2:{s:5:"jcart";O:5:"Jcart":8:{s:6:"config";a:12:{s:9:"jcartPath";s:6:"jcart/";s:12:"checkoutPath";s:9:"/checkout";s:4:"item";a:6:{s:2:"id";s:10:"my-item-id";s:4:"name";s:12:"my-item-name";s:5:"price";s:13:"my-item-price";s:3:"qty";s:11:"my-item-qty";s:3:"url";s:11:"my-item-url";s:3:"add";s:13:"my-add-button";}s:6:"paypal";a:5:{s:2:"id";s:13:"HLQFRXK846S3U";s:5:"https";b:1;s:7:"sandbox";b:0;s:9:"returnUrl";s:1:"/";s:9:"notifyUrl";s:0:"";}s:12:"currencyCode";s:3:"AMD";s:9:"csrfToken";b:1;s:4:"text";a:15:{s:9:"cartTitle";s:16:"Զամբյուղ";s:10:"singleItem";s:6:"հատ";s:13:"multipleItems";s:6:"հատ";s:8:"subtotal";s:16:"Ընդամենը";s:6:"update";s:18:"Թարմացնել";s:8:"checkout";s:16:"Պատվիրել";s:14:"checkoutPaypal";s:25:"Վճարել PayPal֊ով";s:13:"checkoutCache";s:25:"Վճարել Տեղում";s:10:"removeLink";s:16:"Հեռացնել";s:11:"emptyButton";s:16:"Դատարկել";s:12:"emptyMessage";s:36:"Զամբյուղը Դատարկ Է։";s:9:"itemAdded";s:35:"Ուղարկվեց Զամբյուղ";s:10:"priceError";s:17:"Սխալ Գին։";s:13:"quantityError";s:21:"Սխալ Քանակ։";s:13:"checkoutError";s:59:"Զեր Պատոերը ՀՆԱՐԱՎՈՐ ՉԷ! Մշակել։";}s:6:"button";a:4:{s:8:"checkout";s:0:"";s:6:"paypal";s:0:"";s:6:"update";s:0:"";s:5:"empty";s:0:"";}s:7:"tooltip";b:1;s:11:"decimalQtys";b:0;s:13:"decimalPlaces";i:1;s:11:"priceFormat";a:3:{s:8:"decimals";i:2;s:9:"dec_point";s:1:".";s:13:"thousands_sep";s:1:",";}}s:12:"\0Jcart\0items";a:0:{}s:12:"\0Jcart\0names";a:0:{}s:13:"\0Jcart\0prices";a:0:{}s:11:"\0Jcart\0qtys";a:0:{}s:11:"\0Jcart\0urls";a:0:{}s:15:"\0Jcart\0subtotal";i:0;s:16:"\0Jcart\0itemCount";i:0;}s:10:"jcartToken";s:32:"dbaa70c982b49c0a585606ac9247b9f2";}', 'Pending'),
(2, '52', 'Գառան թիակ կարտոֆիլով', '2', '6500', '2014-04-09 17:50:45', 'Deliver now !!!', '', '', 'City/Street :  <br>Home/Flat Number :  <br>Building Number :  <br>More Details : , ', '+37495449060', 'More Notes : , ', '2', '13000', 'a:34:{s:15:"REDIRECT_STATUS";s:3:"200";s:9:"HTTP_HOST";s:10:"hmvc.local";s:15:"HTTP_CONNECTION";s:10:"keep-alive";s:14:"CONTENT_LENGTH";s:3:"552";s:18:"HTTP_CACHE_CONTROL";s:9:"max-age=0";s:11:"HTTP_ACCEPT";s:74:"text/html,application/xhtml+xml,application/xml;q=0.9,image/webp,*/*;q=0.8";s:11:"HTTP_ORIGIN";s:17:"http://hmvc.local";s:15:"HTTP_USER_AGENT";s:105:"Mozilla/5.0 (X11; Linux x86_64) AppleWebKit/537.36 (KHTML, like Gecko) Chrome/33.0.1750.152 Safari/537.36";s:12:"CONTENT_TYPE";s:33:"application/x-www-form-urlencoded";s:12:"HTTP_REFERER";s:26:"http://hmvc.local/checkout";s:20:"HTTP_ACCEPT_ENCODING";s:17:"gzip,deflate,sdch";s:20:"HTTP_ACCEPT_LANGUAGE";s:32:"en-US,en;q=0.8,ru;q=0.6,hy;q=0.4";s:11:"HTTP_COOKIE";s:36:"PHPSESSID=vuje6gut399km5n31ip498i4m3";s:4:"PATH";s:28:"/usr/local/bin:/usr/bin:/bin";s:16:"SERVER_SIGNATURE";s:71:"<address>Apache/2.2.22 (Ubuntu) Server at hmvc.local Port 80</address>\n";s:15:"SERVER_SOFTWARE";s:22:"Apache/2.2.22 (Ubuntu)";s:11:"SERVER_NAME";s:10:"hmvc.local";s:11:"SERVER_ADDR";s:9:"127.0.0.2";s:11:"SERVER_PORT";s:2:"80";s:11:"REMOTE_ADDR";s:9:"127.0.0.1";s:13:"DOCUMENT_ROOT";s:41:"/home/quad9550/WANCLOUD/hmvc.local/public";s:12:"SERVER_ADMIN";s:16:"admin@hmvc.local";s:15:"SCRIPT_FILENAME";s:51:"/home/quad9550/WANCLOUD/hmvc.local/public/index.php";s:11:"REMOTE_PORT";s:5:"36449";s:12:"REDIRECT_URL";s:14:"/checkout/gate";s:17:"GATEWAY_INTERFACE";s:7:"CGI/1.1";s:15:"SERVER_PROTOCOL";s:8:"HTTP/1.1";s:14:"REQUEST_METHOD";s:4:"POST";s:12:"QUERY_STRING";s:0:"";s:11:"REQUEST_URI";s:14:"/checkout/gate";s:11:"SCRIPT_NAME";s:10:"/index.php";s:8:"PHP_SELF";s:10:"/index.php";s:18:"REQUEST_TIME_FLOAT";d:1397065845.4319999;s:12:"REQUEST_TIME";i:1397065845;}', 'a:2:{s:5:"jcart";O:5:"Jcart":8:{s:6:"config";a:12:{s:9:"jcartPath";s:6:"jcart/";s:12:"checkoutPath";s:9:"/checkout";s:4:"item";a:6:{s:2:"id";s:10:"my-item-id";s:4:"name";s:12:"my-item-name";s:5:"price";s:13:"my-item-price";s:3:"qty";s:11:"my-item-qty";s:3:"url";s:11:"my-item-url";s:3:"add";s:13:"my-add-button";}s:6:"paypal";a:5:{s:2:"id";s:13:"HLQFRXK846S3U";s:5:"https";b:1;s:7:"sandbox";b:0;s:9:"returnUrl";s:1:"/";s:9:"notifyUrl";s:0:"";}s:12:"currencyCode";s:3:"AMD";s:9:"csrfToken";b:1;s:4:"text";a:15:{s:9:"cartTitle";s:16:"Զամբյուղ";s:10:"singleItem";s:6:"հատ";s:13:"multipleItems";s:6:"հատ";s:8:"subtotal";s:16:"Ընդամենը";s:6:"update";s:18:"Թարմացնել";s:8:"checkout";s:16:"Պատվիրել";s:14:"checkoutPaypal";s:25:"Վճարել PayPal֊ով";s:13:"checkoutCache";s:25:"Վճարել Տեղում";s:10:"removeLink";s:16:"Հեռացնել";s:11:"emptyButton";s:16:"Դատարկել";s:12:"emptyMessage";s:36:"Զամբյուղը Դատարկ Է։";s:9:"itemAdded";s:35:"Ուղարկվեց Զամբյուղ";s:10:"priceError";s:17:"Սխալ Գին։";s:13:"quantityError";s:21:"Սխալ Քանակ։";s:13:"checkoutError";s:59:"Զեր Պատոերը ՀՆԱՐԱՎՈՐ ՉԷ! Մշակել։";}s:6:"button";a:4:{s:8:"checkout";s:0:"";s:6:"paypal";s:0:"";s:6:"update";s:0:"";s:5:"empty";s:0:"";}s:7:"tooltip";b:1;s:11:"decimalQtys";b:0;s:13:"decimalPlaces";i:1;s:11:"priceFormat";a:3:{s:8:"decimals";i:2;s:9:"dec_point";s:1:".";s:13:"thousands_sep";s:1:",";}}s:12:"\0Jcart\0items";a:0:{}s:12:"\0Jcart\0names";a:0:{}s:13:"\0Jcart\0prices";a:0:{}s:11:"\0Jcart\0qtys";a:0:{}s:11:"\0Jcart\0urls";a:0:{}s:15:"\0Jcart\0subtotal";i:0;s:16:"\0Jcart\0itemCount";i:0;}s:10:"jcartToken";s:32:"dbaa70c982b49c0a585606ac9247b9f2";}', 'Pending'),
(3, '76', 'Խեցգետին', '1', '2500', '2014-04-09 19:42:54', 'Deliver now !!!', '', '', 'City/Street :  <br>Home/Flat Number :  <br>Building Number :  <br>More Details : , ', '+37495449060', 'More Notes : , ', '1', '2500', 'a:34:{s:15:"REDIRECT_STATUS";s:3:"200";s:9:"HTTP_HOST";s:10:"hmvc.local";s:15:"HTTP_CONNECTION";s:10:"keep-alive";s:14:"CONTENT_LENGTH";s:3:"484";s:18:"HTTP_CACHE_CONTROL";s:9:"max-age=0";s:11:"HTTP_ACCEPT";s:74:"text/html,application/xhtml+xml,application/xml;q=0.9,image/webp,*/*;q=0.8";s:11:"HTTP_ORIGIN";s:17:"http://hmvc.local";s:15:"HTTP_USER_AGENT";s:105:"Mozilla/5.0 (X11; Linux x86_64) AppleWebKit/537.36 (KHTML, like Gecko) Chrome/33.0.1750.152 Safari/537.36";s:12:"CONTENT_TYPE";s:33:"application/x-www-form-urlencoded";s:12:"HTTP_REFERER";s:26:"http://hmvc.local/checkout";s:20:"HTTP_ACCEPT_ENCODING";s:17:"gzip,deflate,sdch";s:20:"HTTP_ACCEPT_LANGUAGE";s:32:"en-US,en;q=0.8,ru;q=0.6,hy;q=0.4";s:11:"HTTP_COOKIE";s:36:"PHPSESSID=vuje6gut399km5n31ip498i4m3";s:4:"PATH";s:28:"/usr/local/bin:/usr/bin:/bin";s:16:"SERVER_SIGNATURE";s:71:"<address>Apache/2.2.22 (Ubuntu) Server at hmvc.local Port 80</address>\n";s:15:"SERVER_SOFTWARE";s:22:"Apache/2.2.22 (Ubuntu)";s:11:"SERVER_NAME";s:10:"hmvc.local";s:11:"SERVER_ADDR";s:9:"127.0.0.2";s:11:"SERVER_PORT";s:2:"80";s:11:"REMOTE_ADDR";s:9:"127.0.0.1";s:13:"DOCUMENT_ROOT";s:41:"/home/quad9550/WANCLOUD/hmvc.local/public";s:12:"SERVER_ADMIN";s:16:"admin@hmvc.local";s:15:"SCRIPT_FILENAME";s:51:"/home/quad9550/WANCLOUD/hmvc.local/public/index.php";s:11:"REMOTE_PORT";s:5:"38170";s:12:"REDIRECT_URL";s:14:"/checkout/gate";s:17:"GATEWAY_INTERFACE";s:7:"CGI/1.1";s:15:"SERVER_PROTOCOL";s:8:"HTTP/1.1";s:14:"REQUEST_METHOD";s:4:"POST";s:12:"QUERY_STRING";s:0:"";s:11:"REQUEST_URI";s:14:"/checkout/gate";s:11:"SCRIPT_NAME";s:10:"/index.php";s:8:"PHP_SELF";s:10:"/index.php";s:18:"REQUEST_TIME_FLOAT";d:1397072574.5680001;s:12:"REQUEST_TIME";i:1397072574;}', 'a:2:{s:5:"jcart";O:5:"Jcart":8:{s:6:"config";a:12:{s:9:"jcartPath";s:6:"jcart/";s:12:"checkoutPath";s:9:"/checkout";s:4:"item";a:6:{s:2:"id";s:10:"my-item-id";s:4:"name";s:12:"my-item-name";s:5:"price";s:13:"my-item-price";s:3:"qty";s:11:"my-item-qty";s:3:"url";s:11:"my-item-url";s:3:"add";s:13:"my-add-button";}s:6:"paypal";a:5:{s:2:"id";s:13:"HLQFRXK846S3U";s:5:"https";b:1;s:7:"sandbox";b:0;s:9:"returnUrl";s:1:"/";s:9:"notifyUrl";s:0:"";}s:12:"currencyCode";s:3:"AMD";s:9:"csrfToken";b:1;s:4:"text";a:15:{s:9:"cartTitle";s:16:"Զամբյուղ";s:10:"singleItem";s:6:"հատ";s:13:"multipleItems";s:6:"հատ";s:8:"subtotal";s:16:"Ընդամենը";s:6:"update";s:18:"Թարմացնել";s:8:"checkout";s:16:"Պատվիրել";s:14:"checkoutPaypal";s:25:"Վճարել PayPal֊ով";s:13:"checkoutCache";s:25:"Վճարել Տեղում";s:10:"removeLink";s:16:"Հեռացնել";s:11:"emptyButton";s:16:"Դատարկել";s:12:"emptyMessage";s:36:"Զամբյուղը Դատարկ Է։";s:9:"itemAdded";s:35:"Ուղարկվեց Զամբյուղ";s:10:"priceError";s:17:"Սխալ Գին։";s:13:"quantityError";s:21:"Սխալ Քանակ։";s:13:"checkoutError";s:59:"Զեր Պատոերը ՀՆԱՐԱՎՈՐ ՉԷ! Մշակել։";}s:6:"button";a:4:{s:8:"checkout";s:0:"";s:6:"paypal";s:0:"";s:6:"update";s:0:"";s:5:"empty";s:0:"";}s:7:"tooltip";b:1;s:11:"decimalQtys";b:0;s:13:"decimalPlaces";i:1;s:11:"priceFormat";a:3:{s:8:"decimals";i:2;s:9:"dec_point";s:1:".";s:13:"thousands_sep";s:1:",";}}s:12:"\0Jcart\0items";a:0:{}s:12:"\0Jcart\0names";a:0:{}s:13:"\0Jcart\0prices";a:0:{}s:11:"\0Jcart\0qtys";a:0:{}s:11:"\0Jcart\0urls";a:0:{}s:15:"\0Jcart\0subtotal";i:0;s:16:"\0Jcart\0itemCount";i:0;}s:10:"jcartToken";s:32:"85fbcf5840d85d62f39c91663b42e232";}', 'Pending'),
(4, '12', 'Նյուրնբերգյան նրբերշիկ', '2', '1600', '2014-04-09 19:50:26', 'Deliver now !!!', '', '', 'City/Street :  <br>Home/Flat Number :  <br>Building Number :  <br>More Details : , ', '+374333333333', 'More Notes : , ', '2', '3200', 'a:34:{s:15:"REDIRECT_STATUS";s:3:"200";s:9:"HTTP_HOST";s:10:"hmvc.local";s:15:"HTTP_CONNECTION";s:10:"keep-alive";s:14:"CONTENT_LENGTH";s:3:"564";s:18:"HTTP_CACHE_CONTROL";s:9:"max-age=0";s:11:"HTTP_ACCEPT";s:74:"text/html,application/xhtml+xml,application/xml;q=0.9,image/webp,*/*;q=0.8";s:11:"HTTP_ORIGIN";s:17:"http://hmvc.local";s:15:"HTTP_USER_AGENT";s:105:"Mozilla/5.0 (X11; Linux x86_64) AppleWebKit/537.36 (KHTML, like Gecko) Chrome/33.0.1750.152 Safari/537.36";s:12:"CONTENT_TYPE";s:33:"application/x-www-form-urlencoded";s:12:"HTTP_REFERER";s:26:"http://hmvc.local/checkout";s:20:"HTTP_ACCEPT_ENCODING";s:17:"gzip,deflate,sdch";s:20:"HTTP_ACCEPT_LANGUAGE";s:32:"en-US,en;q=0.8,ru;q=0.6,hy;q=0.4";s:11:"HTTP_COOKIE";s:36:"PHPSESSID=vuje6gut399km5n31ip498i4m3";s:4:"PATH";s:28:"/usr/local/bin:/usr/bin:/bin";s:16:"SERVER_SIGNATURE";s:71:"<address>Apache/2.2.22 (Ubuntu) Server at hmvc.local Port 80</address>\n";s:15:"SERVER_SOFTWARE";s:22:"Apache/2.2.22 (Ubuntu)";s:11:"SERVER_NAME";s:10:"hmvc.local";s:11:"SERVER_ADDR";s:9:"127.0.0.2";s:11:"SERVER_PORT";s:2:"80";s:11:"REMOTE_ADDR";s:9:"127.0.0.1";s:13:"DOCUMENT_ROOT";s:41:"/home/quad9550/WANCLOUD/hmvc.local/public";s:12:"SERVER_ADMIN";s:16:"admin@hmvc.local";s:15:"SCRIPT_FILENAME";s:51:"/home/quad9550/WANCLOUD/hmvc.local/public/index.php";s:11:"REMOTE_PORT";s:5:"38425";s:12:"REDIRECT_URL";s:14:"/checkout/gate";s:17:"GATEWAY_INTERFACE";s:7:"CGI/1.1";s:15:"SERVER_PROTOCOL";s:8:"HTTP/1.1";s:14:"REQUEST_METHOD";s:4:"POST";s:12:"QUERY_STRING";s:0:"";s:11:"REQUEST_URI";s:14:"/checkout/gate";s:11:"SCRIPT_NAME";s:10:"/index.php";s:8:"PHP_SELF";s:10:"/index.php";s:18:"REQUEST_TIME_FLOAT";d:1397073026.9949999;s:12:"REQUEST_TIME";i:1397073026;}', 'a:2:{s:5:"jcart";O:5:"Jcart":8:{s:6:"config";a:12:{s:9:"jcartPath";s:6:"jcart/";s:12:"checkoutPath";s:9:"/checkout";s:4:"item";a:6:{s:2:"id";s:10:"my-item-id";s:4:"name";s:12:"my-item-name";s:5:"price";s:13:"my-item-price";s:3:"qty";s:11:"my-item-qty";s:3:"url";s:11:"my-item-url";s:3:"add";s:13:"my-add-button";}s:6:"paypal";a:5:{s:2:"id";s:13:"HLQFRXK846S3U";s:5:"https";b:1;s:7:"sandbox";b:0;s:9:"returnUrl";s:1:"/";s:9:"notifyUrl";s:0:"";}s:12:"currencyCode";s:3:"AMD";s:9:"csrfToken";b:1;s:4:"text";a:15:{s:9:"cartTitle";s:16:"Զամբյուղ";s:10:"singleItem";s:6:"հատ";s:13:"multipleItems";s:6:"հատ";s:8:"subtotal";s:16:"Ընդամենը";s:6:"update";s:18:"Թարմացնել";s:8:"checkout";s:16:"Պատվիրել";s:14:"checkoutPaypal";s:25:"Վճարել PayPal֊ով";s:13:"checkoutCache";s:25:"Վճարել Տեղում";s:10:"removeLink";s:16:"Հեռացնել";s:11:"emptyButton";s:16:"Դատարկել";s:12:"emptyMessage";s:36:"Զամբյուղը Դատարկ Է։";s:9:"itemAdded";s:35:"Ուղարկվեց Զամբյուղ";s:10:"priceError";s:17:"Սխալ Գին։";s:13:"quantityError";s:21:"Սխալ Քանակ։";s:13:"checkoutError";s:59:"Զեր Պատոերը ՀՆԱՐԱՎՈՐ ՉԷ! Մշակել։";}s:6:"button";a:4:{s:8:"checkout";s:0:"";s:6:"paypal";s:0:"";s:6:"update";s:0:"";s:5:"empty";s:0:"";}s:7:"tooltip";b:1;s:11:"decimalQtys";b:0;s:13:"decimalPlaces";i:1;s:11:"priceFormat";a:3:{s:8:"decimals";i:2;s:9:"dec_point";s:1:".";s:13:"thousands_sep";s:1:",";}}s:12:"\0Jcart\0items";a:0:{}s:12:"\0Jcart\0names";a:0:{}s:13:"\0Jcart\0prices";a:0:{}s:11:"\0Jcart\0qtys";a:0:{}s:11:"\0Jcart\0urls";a:0:{}s:15:"\0Jcart\0subtotal";i:0;s:16:"\0Jcart\0itemCount";i:0;}s:10:"jcartToken";s:32:"85fbcf5840d85d62f39c91663b42e232";}', 'Pending'),
(5, '12', 'Նյուրնբերգյան նրբերշիկ', '1', '1600', '2014-04-09 20:14:34', 'Deliver now !!!', '', '', 'City/Street :  <br>Home/Flat Number :  <br>Building Number :  <br>More Details : , ', '+3746546465464', 'More Notes : , ', '1', '1600', 'a:34:{s:15:"REDIRECT_STATUS";s:3:"200";s:9:"HTTP_HOST";s:10:"hmvc.local";s:15:"HTTP_CONNECTION";s:10:"keep-alive";s:14:"CONTENT_LENGTH";s:3:"565";s:18:"HTTP_CACHE_CONTROL";s:9:"max-age=0";s:11:"HTTP_ACCEPT";s:74:"text/html,application/xhtml+xml,application/xml;q=0.9,image/webp,*/*;q=0.8";s:11:"HTTP_ORIGIN";s:17:"http://hmvc.local";s:15:"HTTP_USER_AGENT";s:105:"Mozilla/5.0 (X11; Linux x86_64) AppleWebKit/537.36 (KHTML, like Gecko) Chrome/33.0.1750.152 Safari/537.36";s:12:"CONTENT_TYPE";s:33:"application/x-www-form-urlencoded";s:12:"HTTP_REFERER";s:26:"http://hmvc.local/checkout";s:20:"HTTP_ACCEPT_ENCODING";s:17:"gzip,deflate,sdch";s:20:"HTTP_ACCEPT_LANGUAGE";s:32:"en-US,en;q=0.8,ru;q=0.6,hy;q=0.4";s:11:"HTTP_COOKIE";s:36:"PHPSESSID=vuje6gut399km5n31ip498i4m3";s:4:"PATH";s:28:"/usr/local/bin:/usr/bin:/bin";s:16:"SERVER_SIGNATURE";s:71:"<address>Apache/2.2.22 (Ubuntu) Server at hmvc.local Port 80</address>\n";s:15:"SERVER_SOFTWARE";s:22:"Apache/2.2.22 (Ubuntu)";s:11:"SERVER_NAME";s:10:"hmvc.local";s:11:"SERVER_ADDR";s:9:"127.0.0.2";s:11:"SERVER_PORT";s:2:"80";s:11:"REMOTE_ADDR";s:9:"127.0.0.1";s:13:"DOCUMENT_ROOT";s:41:"/home/quad9550/WANCLOUD/hmvc.local/public";s:12:"SERVER_ADMIN";s:16:"admin@hmvc.local";s:15:"SCRIPT_FILENAME";s:51:"/home/quad9550/WANCLOUD/hmvc.local/public/index.php";s:11:"REMOTE_PORT";s:5:"39491";s:12:"REDIRECT_URL";s:14:"/checkout/gate";s:17:"GATEWAY_INTERFACE";s:7:"CGI/1.1";s:15:"SERVER_PROTOCOL";s:8:"HTTP/1.1";s:14:"REQUEST_METHOD";s:4:"POST";s:12:"QUERY_STRING";s:0:"";s:11:"REQUEST_URI";s:14:"/checkout/gate";s:11:"SCRIPT_NAME";s:10:"/index.php";s:8:"PHP_SELF";s:10:"/index.php";s:18:"REQUEST_TIME_FLOAT";d:1397074474.7390001;s:12:"REQUEST_TIME";i:1397074474;}', 'a:2:{s:5:"jcart";O:5:"Jcart":8:{s:6:"config";a:12:{s:9:"jcartPath";s:6:"jcart/";s:12:"checkoutPath";s:9:"/checkout";s:4:"item";a:6:{s:2:"id";s:10:"my-item-id";s:4:"name";s:12:"my-item-name";s:5:"price";s:13:"my-item-price";s:3:"qty";s:11:"my-item-qty";s:3:"url";s:11:"my-item-url";s:3:"add";s:13:"my-add-button";}s:6:"paypal";a:5:{s:2:"id";s:13:"HLQFRXK846S3U";s:5:"https";b:1;s:7:"sandbox";b:0;s:9:"returnUrl";s:1:"/";s:9:"notifyUrl";s:0:"";}s:12:"currencyCode";s:3:"AMD";s:9:"csrfToken";b:1;s:4:"text";a:15:{s:9:"cartTitle";s:16:"Զամբյուղ";s:10:"singleItem";s:6:"հատ";s:13:"multipleItems";s:6:"հատ";s:8:"subtotal";s:16:"Ընդամենը";s:6:"update";s:18:"Թարմացնել";s:8:"checkout";s:16:"Պատվիրել";s:14:"checkoutPaypal";s:25:"Վճարել PayPal֊ով";s:13:"checkoutCache";s:25:"Վճարել Տեղում";s:10:"removeLink";s:16:"Հեռացնել";s:11:"emptyButton";s:16:"Դատարկել";s:12:"emptyMessage";s:36:"Զամբյուղը Դատարկ Է։";s:9:"itemAdded";s:35:"Ուղարկվեց Զամբյուղ";s:10:"priceError";s:17:"Սխալ Գին։";s:13:"quantityError";s:21:"Սխալ Քանակ։";s:13:"checkoutError";s:59:"Զեր Պատոերը ՀՆԱՐԱՎՈՐ ՉԷ! Մշակել։";}s:6:"button";a:4:{s:8:"checkout";s:0:"";s:6:"paypal";s:0:"";s:6:"update";s:0:"";s:5:"empty";s:0:"";}s:7:"tooltip";b:1;s:11:"decimalQtys";b:0;s:13:"decimalPlaces";i:1;s:11:"priceFormat";a:3:{s:8:"decimals";i:2;s:9:"dec_point";s:1:".";s:13:"thousands_sep";s:1:",";}}s:12:"\0Jcart\0items";a:0:{}s:12:"\0Jcart\0names";a:0:{}s:13:"\0Jcart\0prices";a:0:{}s:11:"\0Jcart\0qtys";a:0:{}s:11:"\0Jcart\0urls";a:0:{}s:15:"\0Jcart\0subtotal";i:0;s:16:"\0Jcart\0itemCount";i:0;}s:10:"jcartToken";s:32:"85fbcf5840d85d62f39c91663b42e232";}', 'processing'),
(6, '12,13,14,15', 'Նյուրնբերգյան նրբերշիկ,Խոզի նրբերշիկ Վինեվյուրստ,Նրբերշիկ պանրով,Տավարի նրբերշիկ Մյուլլեր', '1,1,1,1', '1600,1700,1300,1500', '2014-04-09 20:18:51', 'Deliver now !!!', '', '', 'City/Street :  <br>Home/Flat Number :  <br>Building Number :  <br>More Details : , ', '+3746546546464', 'More Notes : , ', '4', '6100', 'a:34:{s:15:"REDIRECT_STATUS";s:3:"200";s:9:"HTTP_HOST";s:10:"hmvc.local";s:15:"HTTP_CONNECTION";s:10:"keep-alive";s:14:"CONTENT_LENGTH";s:4:"1191";s:18:"HTTP_CACHE_CONTROL";s:9:"max-age=0";s:11:"HTTP_ACCEPT";s:74:"text/html,application/xhtml+xml,application/xml;q=0.9,image/webp,*/*;q=0.8";s:11:"HTTP_ORIGIN";s:17:"http://hmvc.local";s:15:"HTTP_USER_AGENT";s:105:"Mozilla/5.0 (X11; Linux x86_64) AppleWebKit/537.36 (KHTML, like Gecko) Chrome/33.0.1750.152 Safari/537.36";s:12:"CONTENT_TYPE";s:33:"application/x-www-form-urlencoded";s:12:"HTTP_REFERER";s:26:"http://hmvc.local/checkout";s:20:"HTTP_ACCEPT_ENCODING";s:17:"gzip,deflate,sdch";s:20:"HTTP_ACCEPT_LANGUAGE";s:32:"en-US,en;q=0.8,ru;q=0.6,hy;q=0.4";s:11:"HTTP_COOKIE";s:36:"PHPSESSID=vuje6gut399km5n31ip498i4m3";s:4:"PATH";s:28:"/usr/local/bin:/usr/bin:/bin";s:16:"SERVER_SIGNATURE";s:71:"<address>Apache/2.2.22 (Ubuntu) Server at hmvc.local Port 80</address>\n";s:15:"SERVER_SOFTWARE";s:22:"Apache/2.2.22 (Ubuntu)";s:11:"SERVER_NAME";s:10:"hmvc.local";s:11:"SERVER_ADDR";s:9:"127.0.0.2";s:11:"SERVER_PORT";s:2:"80";s:11:"REMOTE_ADDR";s:9:"127.0.0.1";s:13:"DOCUMENT_ROOT";s:41:"/home/quad9550/WANCLOUD/hmvc.local/public";s:12:"SERVER_ADMIN";s:16:"admin@hmvc.local";s:15:"SCRIPT_FILENAME";s:51:"/home/quad9550/WANCLOUD/hmvc.local/public/index.php";s:11:"REMOTE_PORT";s:5:"39635";s:12:"REDIRECT_URL";s:14:"/checkout/gate";s:17:"GATEWAY_INTERFACE";s:7:"CGI/1.1";s:15:"SERVER_PROTOCOL";s:8:"HTTP/1.1";s:14:"REQUEST_METHOD";s:4:"POST";s:12:"QUERY_STRING";s:0:"";s:11:"REQUEST_URI";s:14:"/checkout/gate";s:11:"SCRIPT_NAME";s:10:"/index.php";s:8:"PHP_SELF";s:10:"/index.php";s:18:"REQUEST_TIME_FLOAT";d:1397074731.4860001;s:12:"REQUEST_TIME";i:1397074731;}', 'a:2:{s:5:"jcart";O:5:"Jcart":8:{s:6:"config";a:12:{s:9:"jcartPath";s:6:"jcart/";s:12:"checkoutPath";s:9:"/checkout";s:4:"item";a:6:{s:2:"id";s:10:"my-item-id";s:4:"name";s:12:"my-item-name";s:5:"price";s:13:"my-item-price";s:3:"qty";s:11:"my-item-qty";s:3:"url";s:11:"my-item-url";s:3:"add";s:13:"my-add-button";}s:6:"paypal";a:5:{s:2:"id";s:13:"HLQFRXK846S3U";s:5:"https";b:1;s:7:"sandbox";b:0;s:9:"returnUrl";s:1:"/";s:9:"notifyUrl";s:0:"";}s:12:"currencyCode";s:3:"AMD";s:9:"csrfToken";b:1;s:4:"text";a:15:{s:9:"cartTitle";s:16:"Զամբյուղ";s:10:"singleItem";s:6:"հատ";s:13:"multipleItems";s:6:"հատ";s:8:"subtotal";s:16:"Ընդամենը";s:6:"update";s:18:"Թարմացնել";s:8:"checkout";s:16:"Պատվիրել";s:14:"checkoutPaypal";s:25:"Վճարել PayPal֊ով";s:13:"checkoutCache";s:25:"Վճարել Տեղում";s:10:"removeLink";s:16:"Հեռացնել";s:11:"emptyButton";s:16:"Դատարկել";s:12:"emptyMessage";s:36:"Զամբյուղը Դատարկ Է։";s:9:"itemAdded";s:35:"Ուղարկվեց Զամբյուղ";s:10:"priceError";s:17:"Սխալ Գին։";s:13:"quantityError";s:21:"Սխալ Քանակ։";s:13:"checkoutError";s:59:"Զեր Պատոերը ՀՆԱՐԱՎՈՐ ՉԷ! Մշակել։";}s:6:"button";a:4:{s:8:"checkout";s:0:"";s:6:"paypal";s:0:"";s:6:"update";s:0:"";s:5:"empty";s:0:"";}s:7:"tooltip";b:1;s:11:"decimalQtys";b:0;s:13:"decimalPlaces";i:1;s:11:"priceFormat";a:3:{s:8:"decimals";i:2;s:9:"dec_point";s:1:".";s:13:"thousands_sep";s:1:",";}}s:12:"\0Jcart\0items";a:0:{}s:12:"\0Jcart\0names";a:0:{}s:13:"\0Jcart\0prices";a:0:{}s:11:"\0Jcart\0qtys";a:0:{}s:11:"\0Jcart\0urls";a:0:{}s:15:"\0Jcart\0subtotal";i:0;s:16:"\0Jcart\0itemCount";i:0;}s:10:"jcartToken";s:32:"85fbcf5840d85d62f39c91663b42e232";}', 'processing'),
(7, '52,53,54,55,56', 'Գառան թիակ կարտոֆիլով,Գառան խորոված,Հավ կարտոֆիլով,Խոզի չալաղաջ,Խոզի մատներ', '1,1,1,1,1', '6500,3000,3000,2500,2200', '2014-04-09 20:24:41', 'Deliver now !!!', '', '', 'City/Street :  <br>Home/Flat Number :  <br>Building Number :  <br>More Details : , ', '+3749595959595', 'More Notes : , ', '5', '17200', 'a:34:{s:15:"REDIRECT_STATUS";s:3:"200";s:9:"HTTP_HOST";s:10:"hmvc.local";s:15:"HTTP_CONNECTION";s:10:"keep-alive";s:14:"CONTENT_LENGTH";s:4:"1190";s:18:"HTTP_CACHE_CONTROL";s:9:"max-age=0";s:11:"HTTP_ACCEPT";s:74:"text/html,application/xhtml+xml,application/xml;q=0.9,image/webp,*/*;q=0.8";s:11:"HTTP_ORIGIN";s:17:"http://hmvc.local";s:15:"HTTP_USER_AGENT";s:105:"Mozilla/5.0 (X11; Linux x86_64) AppleWebKit/537.36 (KHTML, like Gecko) Chrome/33.0.1750.152 Safari/537.36";s:12:"CONTENT_TYPE";s:33:"application/x-www-form-urlencoded";s:12:"HTTP_REFERER";s:26:"http://hmvc.local/checkout";s:20:"HTTP_ACCEPT_ENCODING";s:17:"gzip,deflate,sdch";s:20:"HTTP_ACCEPT_LANGUAGE";s:32:"en-US,en;q=0.8,ru;q=0.6,hy;q=0.4";s:11:"HTTP_COOKIE";s:36:"PHPSESSID=vuje6gut399km5n31ip498i4m3";s:4:"PATH";s:28:"/usr/local/bin:/usr/bin:/bin";s:16:"SERVER_SIGNATURE";s:71:"<address>Apache/2.2.22 (Ubuntu) Server at hmvc.local Port 80</address>\n";s:15:"SERVER_SOFTWARE";s:22:"Apache/2.2.22 (Ubuntu)";s:11:"SERVER_NAME";s:10:"hmvc.local";s:11:"SERVER_ADDR";s:9:"127.0.0.2";s:11:"SERVER_PORT";s:2:"80";s:11:"REMOTE_ADDR";s:9:"127.0.0.1";s:13:"DOCUMENT_ROOT";s:41:"/home/quad9550/WANCLOUD/hmvc.local/public";s:12:"SERVER_ADMIN";s:16:"admin@hmvc.local";s:15:"SCRIPT_FILENAME";s:51:"/home/quad9550/WANCLOUD/hmvc.local/public/index.php";s:11:"REMOTE_PORT";s:5:"39711";s:12:"REDIRECT_URL";s:14:"/checkout/gate";s:17:"GATEWAY_INTERFACE";s:7:"CGI/1.1";s:15:"SERVER_PROTOCOL";s:8:"HTTP/1.1";s:14:"REQUEST_METHOD";s:4:"POST";s:12:"QUERY_STRING";s:0:"";s:11:"REQUEST_URI";s:14:"/checkout/gate";s:11:"SCRIPT_NAME";s:10:"/index.php";s:8:"PHP_SELF";s:10:"/index.php";s:18:"REQUEST_TIME_FLOAT";d:1397075081.3840001;s:12:"REQUEST_TIME";i:1397075081;}', 'a:2:{s:5:"jcart";O:5:"Jcart":8:{s:6:"config";a:12:{s:9:"jcartPath";s:6:"jcart/";s:12:"checkoutPath";s:9:"/checkout";s:4:"item";a:6:{s:2:"id";s:10:"my-item-id";s:4:"name";s:12:"my-item-name";s:5:"price";s:13:"my-item-price";s:3:"qty";s:11:"my-item-qty";s:3:"url";s:11:"my-item-url";s:3:"add";s:13:"my-add-button";}s:6:"paypal";a:5:{s:2:"id";s:13:"HLQFRXK846S3U";s:5:"https";b:1;s:7:"sandbox";b:0;s:9:"returnUrl";s:1:"/";s:9:"notifyUrl";s:0:"";}s:12:"currencyCode";s:3:"AMD";s:9:"csrfToken";b:1;s:4:"text";a:15:{s:9:"cartTitle";s:16:"Զամբյուղ";s:10:"singleItem";s:6:"հատ";s:13:"multipleItems";s:6:"հատ";s:8:"subtotal";s:16:"Ընդամենը";s:6:"update";s:18:"Թարմացնել";s:8:"checkout";s:16:"Պատվիրել";s:14:"checkoutPaypal";s:25:"Վճարել PayPal֊ով";s:13:"checkoutCache";s:25:"Վճարել Տեղում";s:10:"removeLink";s:16:"Հեռացնել";s:11:"emptyButton";s:16:"Դատարկել";s:12:"emptyMessage";s:36:"Զամբյուղը Դատարկ Է։";s:9:"itemAdded";s:35:"Ուղարկվեց Զամբյուղ";s:10:"priceError";s:17:"Սխալ Գին։";s:13:"quantityError";s:21:"Սխալ Քանակ։";s:13:"checkoutError";s:59:"Զեր Պատոերը ՀՆԱՐԱՎՈՐ ՉԷ! Մշակել։";}s:6:"button";a:4:{s:8:"checkout";s:0:"";s:6:"paypal";s:0:"";s:6:"update";s:0:"";s:5:"empty";s:0:"";}s:7:"tooltip";b:1;s:11:"decimalQtys";b:0;s:13:"decimalPlaces";i:1;s:11:"priceFormat";a:3:{s:8:"decimals";i:2;s:9:"dec_point";s:1:".";s:13:"thousands_sep";s:1:",";}}s:12:"\0Jcart\0items";a:0:{}s:12:"\0Jcart\0names";a:0:{}s:13:"\0Jcart\0prices";a:0:{}s:11:"\0Jcart\0qtys";a:0:{}s:11:"\0Jcart\0urls";a:0:{}s:15:"\0Jcart\0subtotal";i:0;s:16:"\0Jcart\0itemCount";i:0;}s:10:"jcartToken";s:32:"85fbcf5840d85d62f39c91663b42e232";}', 'processing'),
(8, '52,53,54,55', 'Գառան թիակ կարտոֆիլով,Գառան խորոված,Հավ կարտոֆիլով,Խոզի չալաղաջ', '1,1,1,1', '6500,3000,3000,2500', '2014-04-09 20:26:30', 'date 16/04/2014 time 18:30', '', '', 'City/Street :  <br>Home/Flat Number :  <br>Building Number :  <br>More Details : , ', '+37410358630', 'More Notes : , ', '4', '15000', 'a:34:{s:15:"REDIRECT_STATUS";s:3:"200";s:9:"HTTP_HOST";s:10:"hmvc.local";s:15:"HTTP_CONNECTION";s:10:"keep-alive";s:14:"CONTENT_LENGTH";s:3:"993";s:18:"HTTP_CACHE_CONTROL";s:9:"max-age=0";s:11:"HTTP_ACCEPT";s:74:"text/html,application/xhtml+xml,application/xml;q=0.9,image/webp,*/*;q=0.8";s:11:"HTTP_ORIGIN";s:17:"http://hmvc.local";s:15:"HTTP_USER_AGENT";s:105:"Mozilla/5.0 (X11; Linux x86_64) AppleWebKit/537.36 (KHTML, like Gecko) Chrome/33.0.1750.152 Safari/537.36";s:12:"CONTENT_TYPE";s:33:"application/x-www-form-urlencoded";s:12:"HTTP_REFERER";s:26:"http://hmvc.local/checkout";s:20:"HTTP_ACCEPT_ENCODING";s:17:"gzip,deflate,sdch";s:20:"HTTP_ACCEPT_LANGUAGE";s:32:"en-US,en;q=0.8,ru;q=0.6,hy;q=0.4";s:11:"HTTP_COOKIE";s:36:"PHPSESSID=vuje6gut399km5n31ip498i4m3";s:4:"PATH";s:28:"/usr/local/bin:/usr/bin:/bin";s:16:"SERVER_SIGNATURE";s:71:"<address>Apache/2.2.22 (Ubuntu) Server at hmvc.local Port 80</address>\n";s:15:"SERVER_SOFTWARE";s:22:"Apache/2.2.22 (Ubuntu)";s:11:"SERVER_NAME";s:10:"hmvc.local";s:11:"SERVER_ADDR";s:9:"127.0.0.2";s:11:"SERVER_PORT";s:2:"80";s:11:"REMOTE_ADDR";s:9:"127.0.0.1";s:13:"DOCUMENT_ROOT";s:41:"/home/quad9550/WANCLOUD/hmvc.local/public";s:12:"SERVER_ADMIN";s:16:"admin@hmvc.local";s:15:"SCRIPT_FILENAME";s:51:"/home/quad9550/WANCLOUD/hmvc.local/public/index.php";s:11:"REMOTE_PORT";s:5:"39737";s:12:"REDIRECT_URL";s:14:"/checkout/gate";s:17:"GATEWAY_INTERFACE";s:7:"CGI/1.1";s:15:"SERVER_PROTOCOL";s:8:"HTTP/1.1";s:14:"REQUEST_METHOD";s:4:"POST";s:12:"QUERY_STRING";s:0:"";s:11:"REQUEST_URI";s:14:"/checkout/gate";s:11:"SCRIPT_NAME";s:10:"/index.php";s:8:"PHP_SELF";s:10:"/index.php";s:18:"REQUEST_TIME_FLOAT";d:1397075190.6630001;s:12:"REQUEST_TIME";i:1397075190;}', 'a:2:{s:5:"jcart";O:5:"Jcart":8:{s:6:"config";a:12:{s:9:"jcartPath";s:6:"jcart/";s:12:"checkoutPath";s:9:"/checkout";s:4:"item";a:6:{s:2:"id";s:10:"my-item-id";s:4:"name";s:12:"my-item-name";s:5:"price";s:13:"my-item-price";s:3:"qty";s:11:"my-item-qty";s:3:"url";s:11:"my-item-url";s:3:"add";s:13:"my-add-button";}s:6:"paypal";a:5:{s:2:"id";s:13:"HLQFRXK846S3U";s:5:"https";b:1;s:7:"sandbox";b:0;s:9:"returnUrl";s:1:"/";s:9:"notifyUrl";s:0:"";}s:12:"currencyCode";s:3:"AMD";s:9:"csrfToken";b:1;s:4:"text";a:15:{s:9:"cartTitle";s:16:"Զամբյուղ";s:10:"singleItem";s:6:"հատ";s:13:"multipleItems";s:6:"հատ";s:8:"subtotal";s:16:"Ընդամենը";s:6:"update";s:18:"Թարմացնել";s:8:"checkout";s:16:"Պատվիրել";s:14:"checkoutPaypal";s:25:"Վճարել PayPal֊ով";s:13:"checkoutCache";s:25:"Վճարել Տեղում";s:10:"removeLink";s:16:"Հեռացնել";s:11:"emptyButton";s:16:"Դատարկել";s:12:"emptyMessage";s:36:"Զամբյուղը Դատարկ Է։";s:9:"itemAdded";s:35:"Ուղարկվեց Զամբյուղ";s:10:"priceError";s:17:"Սխալ Գին։";s:13:"quantityError";s:21:"Սխալ Քանակ։";s:13:"checkoutError";s:59:"Զեր Պատոերը ՀՆԱՐԱՎՈՐ ՉԷ! Մշակել։";}s:6:"button";a:4:{s:8:"checkout";s:0:"";s:6:"paypal";s:0:"";s:6:"update";s:0:"";s:5:"empty";s:0:"";}s:7:"tooltip";b:1;s:11:"decimalQtys";b:0;s:13:"decimalPlaces";i:1;s:11:"priceFormat";a:3:{s:8:"decimals";i:2;s:9:"dec_point";s:1:".";s:13:"thousands_sep";s:1:",";}}s:12:"\0Jcart\0items";a:0:{}s:12:"\0Jcart\0names";a:0:{}s:13:"\0Jcart\0prices";a:0:{}s:11:"\0Jcart\0qtys";a:0:{}s:11:"\0Jcart\0urls";a:0:{}s:15:"\0Jcart\0subtotal";i:0;s:16:"\0Jcart\0itemCount";i:0;}s:10:"jcartToken";s:32:"85fbcf5840d85d62f39c91663b42e232";}', 'processing'),
(9, '2,4', 'Շոգեխաշված ստերլետ,Շոգեխաշած իշխան', '1,1', '5500,4000', '2014-04-09 20:53:26', 'Deliver now !!!', 'Aram Armenovich Harutyunyan', 'aram.xs@gmail.com', 'City/Street : Hasratyan 8/25 <br>Home/Flat Number : 25 <br>Building Number : 8 <br>More Details : , ', '+37410358630', 'More Notes : , ', '2', '9500', 'a:34:{s:15:"REDIRECT_STATUS";s:3:"200";s:9:"HTTP_HOST";s:10:"hmvc.local";s:15:"HTTP_CONNECTION";s:10:"keep-alive";s:14:"CONTENT_LENGTH";s:3:"776";s:18:"HTTP_CACHE_CONTROL";s:9:"max-age=0";s:11:"HTTP_ACCEPT";s:74:"text/html,application/xhtml+xml,application/xml;q=0.9,image/webp,*/*;q=0.8";s:11:"HTTP_ORIGIN";s:17:"http://hmvc.local";s:15:"HTTP_USER_AGENT";s:105:"Mozilla/5.0 (X11; Linux x86_64) AppleWebKit/537.36 (KHTML, like Gecko) Chrome/33.0.1750.152 Safari/537.36";s:12:"CONTENT_TYPE";s:33:"application/x-www-form-urlencoded";s:12:"HTTP_REFERER";s:26:"http://hmvc.local/checkout";s:20:"HTTP_ACCEPT_ENCODING";s:17:"gzip,deflate,sdch";s:20:"HTTP_ACCEPT_LANGUAGE";s:32:"en-US,en;q=0.8,ru;q=0.6,hy;q=0.4";s:11:"HTTP_COOKIE";s:36:"PHPSESSID=vuje6gut399km5n31ip498i4m3";s:4:"PATH";s:28:"/usr/local/bin:/usr/bin:/bin";s:16:"SERVER_SIGNATURE";s:71:"<address>Apache/2.2.22 (Ubuntu) Server at hmvc.local Port 80</address>\n";s:15:"SERVER_SOFTWARE";s:22:"Apache/2.2.22 (Ubuntu)";s:11:"SERVER_NAME";s:10:"hmvc.local";s:11:"SERVER_ADDR";s:9:"127.0.0.2";s:11:"SERVER_PORT";s:2:"80";s:11:"REMOTE_ADDR";s:9:"127.0.0.1";s:13:"DOCUMENT_ROOT";s:41:"/home/quad9550/WANCLOUD/hmvc.local/public";s:12:"SERVER_ADMIN";s:16:"admin@hmvc.local";s:15:"SCRIPT_FILENAME";s:51:"/home/quad9550/WANCLOUD/hmvc.local/public/index.php";s:11:"REMOTE_PORT";s:5:"40468";s:12:"REDIRECT_URL";s:14:"/checkout/gate";s:17:"GATEWAY_INTERFACE";s:7:"CGI/1.1";s:15:"SERVER_PROTOCOL";s:8:"HTTP/1.1";s:14:"REQUEST_METHOD";s:4:"POST";s:12:"QUERY_STRING";s:0:"";s:11:"REQUEST_URI";s:14:"/checkout/gate";s:11:"SCRIPT_NAME";s:10:"/index.php";s:8:"PHP_SELF";s:10:"/index.php";s:18:"REQUEST_TIME_FLOAT";d:1397076806.777;s:12:"REQUEST_TIME";i:1397076806;}', 'a:2:{s:5:"jcart";O:5:"Jcart":8:{s:6:"config";a:12:{s:9:"jcartPath";s:6:"jcart/";s:12:"checkoutPath";s:9:"/checkout";s:4:"item";a:6:{s:2:"id";s:10:"my-item-id";s:4:"name";s:12:"my-item-name";s:5:"price";s:13:"my-item-price";s:3:"qty";s:11:"my-item-qty";s:3:"url";s:11:"my-item-url";s:3:"add";s:13:"my-add-button";}s:6:"paypal";a:5:{s:2:"id";s:13:"HLQFRXK846S3U";s:5:"https";b:1;s:7:"sandbox";b:0;s:9:"returnUrl";s:1:"/";s:9:"notifyUrl";s:0:"";}s:12:"currencyCode";s:3:"AMD";s:9:"csrfToken";b:1;s:4:"text";a:15:{s:9:"cartTitle";s:16:"Զամբյուղ";s:10:"singleItem";s:6:"հատ";s:13:"multipleItems";s:6:"հատ";s:8:"subtotal";s:16:"Ընդամենը";s:6:"update";s:18:"Թարմացնել";s:8:"checkout";s:16:"Պատվիրել";s:14:"checkoutPaypal";s:25:"Վճարել PayPal֊ով";s:13:"checkoutCache";s:25:"Վճարել Տեղում";s:10:"removeLink";s:16:"Հեռացնել";s:11:"emptyButton";s:16:"Դատարկել";s:12:"emptyMessage";s:36:"Զամբյուղը Դատարկ Է։";s:9:"itemAdded";s:35:"Ուղարկվեց Զամբյուղ";s:10:"priceError";s:17:"Սխալ Գին։";s:13:"quantityError";s:21:"Սխալ Քանակ։";s:13:"checkoutError";s:59:"Զեր Պատոերը ՀՆԱՐԱՎՈՐ ՉԷ! Մշակել։";}s:6:"button";a:4:{s:8:"checkout";s:0:"";s:6:"paypal";s:0:"";s:6:"update";s:0:"";s:5:"empty";s:0:"";}s:7:"tooltip";b:1;s:11:"decimalQtys";b:0;s:13:"decimalPlaces";i:1;s:11:"priceFormat";a:3:{s:8:"decimals";i:2;s:9:"dec_point";s:1:".";s:13:"thousands_sep";s:1:",";}}s:12:"\0Jcart\0items";a:0:{}s:12:"\0Jcart\0names";a:0:{}s:13:"\0Jcart\0prices";a:0:{}s:11:"\0Jcart\0qtys";a:0:{}s:11:"\0Jcart\0urls";a:0:{}s:15:"\0Jcart\0subtotal";i:0;s:16:"\0Jcart\0itemCount";i:0;}s:10:"jcartToken";s:32:"85fbcf5840d85d62f39c91663b42e232";}', 'processing'),
(10, '52,53,54,55,56,57,58,59', 'Գառան թիակ կարտոֆիլով,Գառան խորոված,Հավ կարտոֆիլով,Խոզի չալաղաջ,Խոզի մատներ,Խոզի փափուկ,Տավարի սուկի խորոված,Կարտոֆիլ', '2,5,6,4,5,4,3,4', '6500,3000,3000,2500,2200,2200,3500,400', '2014-04-09 20:58:37', 'Deliver now !!!', 'Արամ Հարությունյան', 'support@wancloud.ru', 'City/Street : Երևան, Հասրաթյան <br>Home/Flat Number : 25 <br>Building Number : 8 <br>More Details : , ', '+3745465465464', 'More Notes : , ', '33', '87900', 'a:34:{s:15:"REDIRECT_STATUS";s:3:"200";s:9:"HTTP_HOST";s:10:"hmvc.local";s:15:"HTTP_CONNECTION";s:10:"keep-alive";s:14:"CONTENT_LENGTH";s:4:"1891";s:18:"HTTP_CACHE_CONTROL";s:9:"max-age=0";s:11:"HTTP_ACCEPT";s:74:"text/html,application/xhtml+xml,application/xml;q=0.9,image/webp,*/*;q=0.8";s:11:"HTTP_ORIGIN";s:17:"http://hmvc.local";s:15:"HTTP_USER_AGENT";s:105:"Mozilla/5.0 (X11; Linux x86_64) AppleWebKit/537.36 (KHTML, like Gecko) Chrome/33.0.1750.152 Safari/537.36";s:12:"CONTENT_TYPE";s:33:"application/x-www-form-urlencoded";s:12:"HTTP_REFERER";s:26:"http://hmvc.local/checkout";s:20:"HTTP_ACCEPT_ENCODING";s:17:"gzip,deflate,sdch";s:20:"HTTP_ACCEPT_LANGUAGE";s:32:"en-US,en;q=0.8,ru;q=0.6,hy;q=0.4";s:11:"HTTP_COOKIE";s:36:"PHPSESSID=vuje6gut399km5n31ip498i4m3";s:4:"PATH";s:28:"/usr/local/bin:/usr/bin:/bin";s:16:"SERVER_SIGNATURE";s:71:"<address>Apache/2.2.22 (Ubuntu) Server at hmvc.local Port 80</address>\n";s:15:"SERVER_SOFTWARE";s:22:"Apache/2.2.22 (Ubuntu)";s:11:"SERVER_NAME";s:10:"hmvc.local";s:11:"SERVER_ADDR";s:9:"127.0.0.2";s:11:"SERVER_PORT";s:2:"80";s:11:"REMOTE_ADDR";s:9:"127.0.0.1";s:13:"DOCUMENT_ROOT";s:41:"/home/quad9550/WANCLOUD/hmvc.local/public";s:12:"SERVER_ADMIN";s:16:"admin@hmvc.local";s:15:"SCRIPT_FILENAME";s:51:"/home/quad9550/WANCLOUD/hmvc.local/public/index.php";s:11:"REMOTE_PORT";s:5:"40562";s:12:"REDIRECT_URL";s:14:"/checkout/gate";s:17:"GATEWAY_INTERFACE";s:7:"CGI/1.1";s:15:"SERVER_PROTOCOL";s:8:"HTTP/1.1";s:14:"REQUEST_METHOD";s:4:"POST";s:12:"QUERY_STRING";s:0:"";s:11:"REQUEST_URI";s:14:"/checkout/gate";s:11:"SCRIPT_NAME";s:10:"/index.php";s:8:"PHP_SELF";s:10:"/index.php";s:18:"REQUEST_TIME_FLOAT";d:1397077117.7750001;s:12:"REQUEST_TIME";i:1397077117;}', 'a:2:{s:5:"jcart";O:5:"Jcart":8:{s:6:"config";a:12:{s:9:"jcartPath";s:6:"jcart/";s:12:"checkoutPath";s:9:"/checkout";s:4:"item";a:6:{s:2:"id";s:10:"my-item-id";s:4:"name";s:12:"my-item-name";s:5:"price";s:13:"my-item-price";s:3:"qty";s:11:"my-item-qty";s:3:"url";s:11:"my-item-url";s:3:"add";s:13:"my-add-button";}s:6:"paypal";a:5:{s:2:"id";s:13:"HLQFRXK846S3U";s:5:"https";b:1;s:7:"sandbox";b:0;s:9:"returnUrl";s:1:"/";s:9:"notifyUrl";s:0:"";}s:12:"currencyCode";s:3:"AMD";s:9:"csrfToken";b:1;s:4:"text";a:15:{s:9:"cartTitle";s:16:"Զամբյուղ";s:10:"singleItem";s:6:"հատ";s:13:"multipleItems";s:6:"հատ";s:8:"subtotal";s:16:"Ընդամենը";s:6:"update";s:18:"Թարմացնել";s:8:"checkout";s:16:"Պատվիրել";s:14:"checkoutPaypal";s:25:"Վճարել PayPal֊ով";s:13:"checkoutCache";s:25:"Վճարել Տեղում";s:10:"removeLink";s:16:"Հեռացնել";s:11:"emptyButton";s:16:"Դատարկել";s:12:"emptyMessage";s:36:"Զամբյուղը Դատարկ Է։";s:9:"itemAdded";s:35:"Ուղարկվեց Զամբյուղ";s:10:"priceError";s:17:"Սխալ Գին։";s:13:"quantityError";s:21:"Սխալ Քանակ։";s:13:"checkoutError";s:59:"Զեր Պատոերը ՀՆԱՐԱՎՈՐ ՉԷ! Մշակել։";}s:6:"button";a:4:{s:8:"checkout";s:0:"";s:6:"paypal";s:0:"";s:6:"update";s:0:"";s:5:"empty";s:0:"";}s:7:"tooltip";b:1;s:11:"decimalQtys";b:0;s:13:"decimalPlaces";i:1;s:11:"priceFormat";a:3:{s:8:"decimals";i:2;s:9:"dec_point";s:1:".";s:13:"thousands_sep";s:1:",";}}s:12:"\0Jcart\0items";a:0:{}s:12:"\0Jcart\0names";a:0:{}s:13:"\0Jcart\0prices";a:0:{}s:11:"\0Jcart\0qtys";a:0:{}s:11:"\0Jcart\0urls";a:0:{}s:15:"\0Jcart\0subtotal";i:0;s:16:"\0Jcart\0itemCount";i:0;}s:10:"jcartToken";s:32:"85fbcf5840d85d62f39c91663b42e232";}', 'processing'),
(11, '52,53,54,55', 'Գառան թիակ կարտոֆիլով,Գառան խորոված,Հավ կարտոֆիլով,Խոզի չալաղաջ', '1,1,1,1', '6500,3000,3000,2500', '2014-04-09 21:18:35', 'Deliver now !!!', '', '', 'City/Street :  <br>Home/Flat Number :  <br>Building Number :  <br>More Details : , ', '+37478987898', 'More Notes : , ', '4', '15000', 'a:34:{s:15:"REDIRECT_STATUS";s:3:"200";s:9:"HTTP_HOST";s:10:"hmvc.local";s:15:"HTTP_CONNECTION";s:10:"keep-alive";s:14:"CONTENT_LENGTH";s:4:"1038";s:18:"HTTP_CACHE_CONTROL";s:9:"max-age=0";s:11:"HTTP_ACCEPT";s:74:"text/html,application/xhtml+xml,application/xml;q=0.9,image/webp,*/*;q=0.8";s:11:"HTTP_ORIGIN";s:17:"http://hmvc.local";s:15:"HTTP_USER_AGENT";s:105:"Mozilla/5.0 (X11; Linux x86_64) AppleWebKit/537.36 (KHTML, like Gecko) Chrome/33.0.1750.152 Safari/537.36";s:12:"CONTENT_TYPE";s:33:"application/x-www-form-urlencoded";s:12:"HTTP_REFERER";s:26:"http://hmvc.local/checkout";s:20:"HTTP_ACCEPT_ENCODING";s:17:"gzip,deflate,sdch";s:20:"HTTP_ACCEPT_LANGUAGE";s:32:"en-US,en;q=0.8,ru;q=0.6,hy;q=0.4";s:11:"HTTP_COOKIE";s:36:"PHPSESSID=vuje6gut399km5n31ip498i4m3";s:4:"PATH";s:28:"/usr/local/bin:/usr/bin:/bin";s:16:"SERVER_SIGNATURE";s:71:"<address>Apache/2.2.22 (Ubuntu) Server at hmvc.local Port 80</address>\n";s:15:"SERVER_SOFTWARE";s:22:"Apache/2.2.22 (Ubuntu)";s:11:"SERVER_NAME";s:10:"hmvc.local";s:11:"SERVER_ADDR";s:9:"127.0.0.2";s:11:"SERVER_PORT";s:2:"80";s:11:"REMOTE_ADDR";s:9:"127.0.0.1";s:13:"DOCUMENT_ROOT";s:41:"/home/quad9550/WANCLOUD/hmvc.local/public";s:12:"SERVER_ADMIN";s:16:"admin@hmvc.local";s:15:"SCRIPT_FILENAME";s:51:"/home/quad9550/WANCLOUD/hmvc.local/public/index.php";s:11:"REMOTE_PORT";s:5:"41091";s:12:"REDIRECT_URL";s:14:"/checkout/gate";s:17:"GATEWAY_INTERFACE";s:7:"CGI/1.1";s:15:"SERVER_PROTOCOL";s:8:"HTTP/1.1";s:14:"REQUEST_METHOD";s:4:"POST";s:12:"QUERY_STRING";s:0:"";s:11:"REQUEST_URI";s:14:"/checkout/gate";s:11:"SCRIPT_NAME";s:10:"/index.php";s:8:"PHP_SELF";s:10:"/index.php";s:18:"REQUEST_TIME_FLOAT";d:1397078315.3699999;s:12:"REQUEST_TIME";i:1397078315;}', 'a:2:{s:5:"jcart";O:5:"Jcart":8:{s:6:"config";a:12:{s:9:"jcartPath";s:6:"jcart/";s:12:"checkoutPath";s:9:"/checkout";s:4:"item";a:6:{s:2:"id";s:10:"my-item-id";s:4:"name";s:12:"my-item-name";s:5:"price";s:13:"my-item-price";s:3:"qty";s:11:"my-item-qty";s:3:"url";s:11:"my-item-url";s:3:"add";s:13:"my-add-button";}s:6:"paypal";a:5:{s:2:"id";s:13:"HLQFRXK846S3U";s:5:"https";b:1;s:7:"sandbox";b:0;s:9:"returnUrl";s:1:"/";s:9:"notifyUrl";s:0:"";}s:12:"currencyCode";s:3:"AMD";s:9:"csrfToken";b:1;s:4:"text";a:15:{s:9:"cartTitle";s:16:"Զամբյուղ";s:10:"singleItem";s:6:"հատ";s:13:"multipleItems";s:6:"հատ";s:8:"subtotal";s:16:"Ընդամենը";s:6:"update";s:18:"Թարմացնել";s:8:"checkout";s:16:"Պատվիրել";s:14:"checkoutPaypal";s:25:"Վճարել PayPal֊ով";s:13:"checkoutCache";s:25:"Վճարել Տեղում";s:10:"removeLink";s:16:"Հեռացնել";s:11:"emptyButton";s:16:"Դատարկել";s:12:"emptyMessage";s:36:"Զամբյուղը Դատարկ Է։";s:9:"itemAdded";s:35:"Ուղարկվեց Զամբյուղ";s:10:"priceError";s:17:"Սխալ Գին։";s:13:"quantityError";s:21:"Սխալ Քանակ։";s:13:"checkoutError";s:59:"Զեր Պատոերը ՀՆԱՐԱՎՈՐ ՉԷ! Մշակել։";}s:6:"button";a:4:{s:8:"checkout";s:0:"";s:6:"paypal";s:0:"";s:6:"update";s:0:"";s:5:"empty";s:0:"";}s:7:"tooltip";b:1;s:11:"decimalQtys";b:0;s:13:"decimalPlaces";i:1;s:11:"priceFormat";a:3:{s:8:"decimals";i:2;s:9:"dec_point";s:1:".";s:13:"thousands_sep";s:1:",";}}s:12:"\0Jcart\0items";a:0:{}s:12:"\0Jcart\0names";a:0:{}s:13:"\0Jcart\0prices";a:0:{}s:11:"\0Jcart\0qtys";a:0:{}s:11:"\0Jcart\0urls";a:0:{}s:15:"\0Jcart\0subtotal";i:0;s:16:"\0Jcart\0itemCount";i:0;}s:10:"jcartToken";s:32:"85fbcf5840d85d62f39c91663b42e232";}', 'processing'),
(12, '80', 'Չորացրած գայլաձուկ', '1', '2500', '2014-04-09 21:32:34', 'Deliver now !!!', '', '', 'City/Street :  <br>Home/Flat Number :  <br>Building Number :  <br>More Details : , ', '+3746546546464', 'More Notes : , ', '1', '2500', 'a:34:{s:15:"REDIRECT_STATUS";s:3:"200";s:9:"HTTP_HOST";s:10:"hmvc.local";s:15:"HTTP_CONNECTION";s:10:"keep-alive";s:14:"CONTENT_LENGTH";s:3:"541";s:18:"HTTP_CACHE_CONTROL";s:9:"max-age=0";s:11:"HTTP_ACCEPT";s:74:"text/html,application/xhtml+xml,application/xml;q=0.9,image/webp,*/*;q=0.8";s:11:"HTTP_ORIGIN";s:17:"http://hmvc.local";s:15:"HTTP_USER_AGENT";s:105:"Mozilla/5.0 (X11; Linux x86_64) AppleWebKit/537.36 (KHTML, like Gecko) Chrome/33.0.1750.152 Safari/537.36";s:12:"CONTENT_TYPE";s:33:"application/x-www-form-urlencoded";s:12:"HTTP_REFERER";s:26:"http://hmvc.local/checkout";s:20:"HTTP_ACCEPT_ENCODING";s:17:"gzip,deflate,sdch";s:20:"HTTP_ACCEPT_LANGUAGE";s:32:"en-US,en;q=0.8,ru;q=0.6,hy;q=0.4";s:11:"HTTP_COOKIE";s:36:"PHPSESSID=vuje6gut399km5n31ip498i4m3";s:4:"PATH";s:28:"/usr/local/bin:/usr/bin:/bin";s:16:"SERVER_SIGNATURE";s:71:"<address>Apache/2.2.22 (Ubuntu) Server at hmvc.local Port 80</address>\n";s:15:"SERVER_SOFTWARE";s:22:"Apache/2.2.22 (Ubuntu)";s:11:"SERVER_NAME";s:10:"hmvc.local";s:11:"SERVER_ADDR";s:9:"127.0.0.2";s:11:"SERVER_PORT";s:2:"80";s:11:"REMOTE_ADDR";s:9:"127.0.0.1";s:13:"DOCUMENT_ROOT";s:41:"/home/quad9550/WANCLOUD/hmvc.local/public";s:12:"SERVER_ADMIN";s:16:"admin@hmvc.local";s:15:"SCRIPT_FILENAME";s:51:"/home/quad9550/WANCLOUD/hmvc.local/public/index.php";s:11:"REMOTE_PORT";s:5:"41222";s:12:"REDIRECT_URL";s:14:"/checkout/gate";s:17:"GATEWAY_INTERFACE";s:7:"CGI/1.1";s:15:"SERVER_PROTOCOL";s:8:"HTTP/1.1";s:14:"REQUEST_METHOD";s:4:"POST";s:12:"QUERY_STRING";s:0:"";s:11:"REQUEST_URI";s:14:"/checkout/gate";s:11:"SCRIPT_NAME";s:10:"/index.php";s:8:"PHP_SELF";s:10:"/index.php";s:18:"REQUEST_TIME_FLOAT";d:1397079154.539;s:12:"REQUEST_TIME";i:1397079154;}', 'a:2:{s:5:"jcart";O:5:"Jcart":8:{s:6:"config";a:12:{s:9:"jcartPath";s:6:"jcart/";s:12:"checkoutPath";s:9:"/checkout";s:4:"item";a:6:{s:2:"id";s:10:"my-item-id";s:4:"name";s:12:"my-item-name";s:5:"price";s:13:"my-item-price";s:3:"qty";s:11:"my-item-qty";s:3:"url";s:11:"my-item-url";s:3:"add";s:13:"my-add-button";}s:6:"paypal";a:5:{s:2:"id";s:13:"HLQFRXK846S3U";s:5:"https";b:1;s:7:"sandbox";b:0;s:9:"returnUrl";s:1:"/";s:9:"notifyUrl";s:0:"";}s:12:"currencyCode";s:3:"AMD";s:9:"csrfToken";b:1;s:4:"text";a:15:{s:9:"cartTitle";s:16:"Զամբյուղ";s:10:"singleItem";s:6:"հատ";s:13:"multipleItems";s:6:"հատ";s:8:"subtotal";s:16:"Ընդամենը";s:6:"update";s:18:"Թարմացնել";s:8:"checkout";s:16:"Պատվիրել";s:14:"checkoutPaypal";s:25:"Վճարել PayPal֊ով";s:13:"checkoutCache";s:25:"Վճարել Տեղում";s:10:"removeLink";s:16:"Հեռացնել";s:11:"emptyButton";s:16:"Դատարկել";s:12:"emptyMessage";s:36:"Զամբյուղը Դատարկ Է։";s:9:"itemAdded";s:35:"Ուղարկվեց Զամբյուղ";s:10:"priceError";s:17:"Սխալ Գին։";s:13:"quantityError";s:21:"Սխալ Քանակ։";s:13:"checkoutError";s:59:"Զեր Պատոերը ՀՆԱՐԱՎՈՐ ՉԷ! Մշակել։";}s:6:"button";a:4:{s:8:"checkout";s:0:"";s:6:"paypal";s:0:"";s:6:"update";s:0:"";s:5:"empty";s:0:"";}s:7:"tooltip";b:1;s:11:"decimalQtys";b:0;s:13:"decimalPlaces";i:1;s:11:"priceFormat";a:3:{s:8:"decimals";i:2;s:9:"dec_point";s:1:".";s:13:"thousands_sep";s:1:",";}}s:12:"\0Jcart\0items";a:0:{}s:12:"\0Jcart\0names";a:0:{}s:13:"\0Jcart\0prices";a:0:{}s:11:"\0Jcart\0qtys";a:0:{}s:11:"\0Jcart\0urls";a:0:{}s:15:"\0Jcart\0subtotal";i:0;s:16:"\0Jcart\0itemCount";i:0;}s:10:"jcartToken";s:32:"85fbcf5840d85d62f39c91663b42e232";}', 'processing'),
(13, '52', 'Գառան թիակ կարտոֆիլով', '1', '6500', '2014-04-09 21:35:52', 'Deliver now !!!', '', '', 'City/Street :  <br>Home/Flat Number :  <br>Building Number :  <br>More Details : , ', '+37410358630', 'More Notes : , ', '1', '6500', 'a:34:{s:15:"REDIRECT_STATUS";s:3:"200";s:9:"HTTP_HOST";s:10:"hmvc.local";s:15:"HTTP_CONNECTION";s:10:"keep-alive";s:14:"CONTENT_LENGTH";s:3:"552";s:18:"HTTP_CACHE_CONTROL";s:9:"max-age=0";s:11:"HTTP_ACCEPT";s:74:"text/html,application/xhtml+xml,application/xml;q=0.9,image/webp,*/*;q=0.8";s:11:"HTTP_ORIGIN";s:17:"http://hmvc.local";s:15:"HTTP_USER_AGENT";s:105:"Mozilla/5.0 (X11; Linux x86_64) AppleWebKit/537.36 (KHTML, like Gecko) Chrome/33.0.1750.152 Safari/537.36";s:12:"CONTENT_TYPE";s:33:"application/x-www-form-urlencoded";s:12:"HTTP_REFERER";s:26:"http://hmvc.local/checkout";s:20:"HTTP_ACCEPT_ENCODING";s:17:"gzip,deflate,sdch";s:20:"HTTP_ACCEPT_LANGUAGE";s:32:"en-US,en;q=0.8,ru;q=0.6,hy;q=0.4";s:11:"HTTP_COOKIE";s:36:"PHPSESSID=vuje6gut399km5n31ip498i4m3";s:4:"PATH";s:28:"/usr/local/bin:/usr/bin:/bin";s:16:"SERVER_SIGNATURE";s:71:"<address>Apache/2.2.22 (Ubuntu) Server at hmvc.local Port 80</address>\n";s:15:"SERVER_SOFTWARE";s:22:"Apache/2.2.22 (Ubuntu)";s:11:"SERVER_NAME";s:10:"hmvc.local";s:11:"SERVER_ADDR";s:9:"127.0.0.2";s:11:"SERVER_PORT";s:2:"80";s:11:"REMOTE_ADDR";s:9:"127.0.0.1";s:13:"DOCUMENT_ROOT";s:41:"/home/quad9550/WANCLOUD/hmvc.local/public";s:12:"SERVER_ADMIN";s:16:"admin@hmvc.local";s:15:"SCRIPT_FILENAME";s:51:"/home/quad9550/WANCLOUD/hmvc.local/public/index.php";s:11:"REMOTE_PORT";s:5:"41286";s:12:"REDIRECT_URL";s:14:"/checkout/gate";s:17:"GATEWAY_INTERFACE";s:7:"CGI/1.1";s:15:"SERVER_PROTOCOL";s:8:"HTTP/1.1";s:14:"REQUEST_METHOD";s:4:"POST";s:12:"QUERY_STRING";s:0:"";s:11:"REQUEST_URI";s:14:"/checkout/gate";s:11:"SCRIPT_NAME";s:10:"/index.php";s:8:"PHP_SELF";s:10:"/index.php";s:18:"REQUEST_TIME_FLOAT";d:1397079352.0769999;s:12:"REQUEST_TIME";i:1397079352;}', 'a:2:{s:5:"jcart";O:5:"Jcart":8:{s:6:"config";a:12:{s:9:"jcartPath";s:6:"jcart/";s:12:"checkoutPath";s:9:"/checkout";s:4:"item";a:6:{s:2:"id";s:10:"my-item-id";s:4:"name";s:12:"my-item-name";s:5:"price";s:13:"my-item-price";s:3:"qty";s:11:"my-item-qty";s:3:"url";s:11:"my-item-url";s:3:"add";s:13:"my-add-button";}s:6:"paypal";a:5:{s:2:"id";s:13:"HLQFRXK846S3U";s:5:"https";b:1;s:7:"sandbox";b:0;s:9:"returnUrl";s:1:"/";s:9:"notifyUrl";s:0:"";}s:12:"currencyCode";s:3:"AMD";s:9:"csrfToken";b:1;s:4:"text";a:15:{s:9:"cartTitle";s:16:"Զամբյուղ";s:10:"singleItem";s:6:"հատ";s:13:"multipleItems";s:6:"հատ";s:8:"subtotal";s:16:"Ընդամենը";s:6:"update";s:18:"Թարմացնել";s:8:"checkout";s:16:"Պատվիրել";s:14:"checkoutPaypal";s:25:"Վճարել PayPal֊ով";s:13:"checkoutCache";s:25:"Վճարել Տեղում";s:10:"removeLink";s:16:"Հեռացնել";s:11:"emptyButton";s:16:"Դատարկել";s:12:"emptyMessage";s:36:"Զամբյուղը Դատարկ Է։";s:9:"itemAdded";s:35:"Ուղարկվեց Զամբյուղ";s:10:"priceError";s:17:"Սխալ Գին։";s:13:"quantityError";s:21:"Սխալ Քանակ։";s:13:"checkoutError";s:59:"Զեր Պատոերը ՀՆԱՐԱՎՈՐ ՉԷ! Մշակել։";}s:6:"button";a:4:{s:8:"checkout";s:0:"";s:6:"paypal";s:0:"";s:6:"update";s:0:"";s:5:"empty";s:0:"";}s:7:"tooltip";b:1;s:11:"decimalQtys";b:0;s:13:"decimalPlaces";i:1;s:11:"priceFormat";a:3:{s:8:"decimals";i:2;s:9:"dec_point";s:1:".";s:13:"thousands_sep";s:1:",";}}s:12:"\0Jcart\0items";a:0:{}s:12:"\0Jcart\0names";a:0:{}s:13:"\0Jcart\0prices";a:0:{}s:11:"\0Jcart\0qtys";a:0:{}s:11:"\0Jcart\0urls";a:0:{}s:15:"\0Jcart\0subtotal";i:0;s:16:"\0Jcart\0itemCount";i:0;}s:10:"jcartToken";s:32:"85fbcf5840d85d62f39c91663b42e232";}', 'processing');
INSERT INTO `orders` (`idorder`, `item_number`, `item_name`, `quantity`, `amount`, `date`, `delivery_date`, `name`, `email`, `address`, `phone`, `message`, `count_sum`, `price_sum`, `user_agent`, `user_session`, `status`) VALUES
(14, '2,4,5', 'Շոգեխաշված ստերլետ,Շոգեխաշած իշխան,Իշխան քարածխի վրա', '1,1,1', '5500,4000,4000', '2014-04-09 21:40:00', 'Deliver now !!!', '', '', 'City/Street :  <br>Home/Flat Number :  <br>Building Number :  <br>More Details : , ', '+37419191919', 'More Notes : , ', '3', '13500', 'a:34:{s:15:"REDIRECT_STATUS";s:3:"200";s:9:"HTTP_HOST";s:10:"hmvc.local";s:15:"HTTP_CONNECTION";s:10:"keep-alive";s:14:"CONTENT_LENGTH";s:3:"891";s:18:"HTTP_CACHE_CONTROL";s:9:"max-age=0";s:11:"HTTP_ACCEPT";s:74:"text/html,application/xhtml+xml,application/xml;q=0.9,image/webp,*/*;q=0.8";s:11:"HTTP_ORIGIN";s:17:"http://hmvc.local";s:15:"HTTP_USER_AGENT";s:105:"Mozilla/5.0 (X11; Linux x86_64) AppleWebKit/537.36 (KHTML, like Gecko) Chrome/33.0.1750.152 Safari/537.36";s:12:"CONTENT_TYPE";s:33:"application/x-www-form-urlencoded";s:12:"HTTP_REFERER";s:26:"http://hmvc.local/checkout";s:20:"HTTP_ACCEPT_ENCODING";s:17:"gzip,deflate,sdch";s:20:"HTTP_ACCEPT_LANGUAGE";s:32:"en-US,en;q=0.8,ru;q=0.6,hy;q=0.4";s:11:"HTTP_COOKIE";s:36:"PHPSESSID=vuje6gut399km5n31ip498i4m3";s:4:"PATH";s:28:"/usr/local/bin:/usr/bin:/bin";s:16:"SERVER_SIGNATURE";s:71:"<address>Apache/2.2.22 (Ubuntu) Server at hmvc.local Port 80</address>\n";s:15:"SERVER_SOFTWARE";s:22:"Apache/2.2.22 (Ubuntu)";s:11:"SERVER_NAME";s:10:"hmvc.local";s:11:"SERVER_ADDR";s:9:"127.0.0.2";s:11:"SERVER_PORT";s:2:"80";s:11:"REMOTE_ADDR";s:9:"127.0.0.1";s:13:"DOCUMENT_ROOT";s:41:"/home/quad9550/WANCLOUD/hmvc.local/public";s:12:"SERVER_ADMIN";s:16:"admin@hmvc.local";s:15:"SCRIPT_FILENAME";s:51:"/home/quad9550/WANCLOUD/hmvc.local/public/index.php";s:11:"REMOTE_PORT";s:5:"41341";s:12:"REDIRECT_URL";s:14:"/checkout/gate";s:17:"GATEWAY_INTERFACE";s:7:"CGI/1.1";s:15:"SERVER_PROTOCOL";s:8:"HTTP/1.1";s:14:"REQUEST_METHOD";s:4:"POST";s:12:"QUERY_STRING";s:0:"";s:11:"REQUEST_URI";s:14:"/checkout/gate";s:11:"SCRIPT_NAME";s:10:"/index.php";s:8:"PHP_SELF";s:10:"/index.php";s:18:"REQUEST_TIME_FLOAT";d:1397079600.3180001;s:12:"REQUEST_TIME";i:1397079600;}', 'a:2:{s:5:"jcart";O:5:"Jcart":8:{s:6:"config";a:12:{s:9:"jcartPath";s:6:"jcart/";s:12:"checkoutPath";s:9:"/checkout";s:4:"item";a:6:{s:2:"id";s:10:"my-item-id";s:4:"name";s:12:"my-item-name";s:5:"price";s:13:"my-item-price";s:3:"qty";s:11:"my-item-qty";s:3:"url";s:11:"my-item-url";s:3:"add";s:13:"my-add-button";}s:6:"paypal";a:5:{s:2:"id";s:13:"HLQFRXK846S3U";s:5:"https";b:1;s:7:"sandbox";b:0;s:9:"returnUrl";s:1:"/";s:9:"notifyUrl";s:0:"";}s:12:"currencyCode";s:3:"AMD";s:9:"csrfToken";b:1;s:4:"text";a:15:{s:9:"cartTitle";s:16:"Զամբյուղ";s:10:"singleItem";s:6:"հատ";s:13:"multipleItems";s:6:"հատ";s:8:"subtotal";s:16:"Ընդամենը";s:6:"update";s:18:"Թարմացնել";s:8:"checkout";s:16:"Պատվիրել";s:14:"checkoutPaypal";s:25:"Վճարել PayPal֊ով";s:13:"checkoutCache";s:25:"Վճարել Տեղում";s:10:"removeLink";s:16:"Հեռացնել";s:11:"emptyButton";s:16:"Դատարկել";s:12:"emptyMessage";s:36:"Զամբյուղը Դատարկ Է։";s:9:"itemAdded";s:35:"Ուղարկվեց Զամբյուղ";s:10:"priceError";s:17:"Սխալ Գին։";s:13:"quantityError";s:21:"Սխալ Քանակ։";s:13:"checkoutError";s:59:"Զեր Պատոերը ՀՆԱՐԱՎՈՐ ՉԷ! Մշակել։";}s:6:"button";a:4:{s:8:"checkout";s:0:"";s:6:"paypal";s:0:"";s:6:"update";s:0:"";s:5:"empty";s:0:"";}s:7:"tooltip";b:1;s:11:"decimalQtys";b:0;s:13:"decimalPlaces";i:1;s:11:"priceFormat";a:3:{s:8:"decimals";i:2;s:9:"dec_point";s:1:".";s:13:"thousands_sep";s:1:",";}}s:12:"\0Jcart\0items";a:0:{}s:12:"\0Jcart\0names";a:0:{}s:13:"\0Jcart\0prices";a:0:{}s:11:"\0Jcart\0qtys";a:0:{}s:11:"\0Jcart\0urls";a:0:{}s:15:"\0Jcart\0subtotal";i:0;s:16:"\0Jcart\0itemCount";i:0;}s:10:"jcartToken";s:32:"85fbcf5840d85d62f39c91663b42e232";}', 'processing'),
(15, '7,9,11,102', 'Կրոմբախեր բաց,Կրոմբախեր մուգ,Կրոմբախեր ոչ ֆիլտրացված ցորենի,Eichener', '1,1,1,1', '2400,2400,2500,1650', '2014-04-09 21:42:45', 'Deliver now !!!', '', '', 'City/Street :  <br>Home/Flat Number :  <br>Building Number :  <br>More Details : , ', '+37495449060', 'More Notes : , ', '4', '8950', 'a:34:{s:15:"REDIRECT_STATUS";s:3:"200";s:9:"HTTP_HOST";s:10:"hmvc.local";s:15:"HTTP_CONNECTION";s:10:"keep-alive";s:14:"CONTENT_LENGTH";s:4:"1027";s:18:"HTTP_CACHE_CONTROL";s:9:"max-age=0";s:11:"HTTP_ACCEPT";s:74:"text/html,application/xhtml+xml,application/xml;q=0.9,image/webp,*/*;q=0.8";s:11:"HTTP_ORIGIN";s:17:"http://hmvc.local";s:15:"HTTP_USER_AGENT";s:105:"Mozilla/5.0 (X11; Linux x86_64) AppleWebKit/537.36 (KHTML, like Gecko) Chrome/33.0.1750.152 Safari/537.36";s:12:"CONTENT_TYPE";s:33:"application/x-www-form-urlencoded";s:12:"HTTP_REFERER";s:26:"http://hmvc.local/checkout";s:20:"HTTP_ACCEPT_ENCODING";s:17:"gzip,deflate,sdch";s:20:"HTTP_ACCEPT_LANGUAGE";s:32:"en-US,en;q=0.8,ru;q=0.6,hy;q=0.4";s:11:"HTTP_COOKIE";s:36:"PHPSESSID=vuje6gut399km5n31ip498i4m3";s:4:"PATH";s:28:"/usr/local/bin:/usr/bin:/bin";s:16:"SERVER_SIGNATURE";s:71:"<address>Apache/2.2.22 (Ubuntu) Server at hmvc.local Port 80</address>\n";s:15:"SERVER_SOFTWARE";s:22:"Apache/2.2.22 (Ubuntu)";s:11:"SERVER_NAME";s:10:"hmvc.local";s:11:"SERVER_ADDR";s:9:"127.0.0.2";s:11:"SERVER_PORT";s:2:"80";s:11:"REMOTE_ADDR";s:9:"127.0.0.1";s:13:"DOCUMENT_ROOT";s:41:"/home/quad9550/WANCLOUD/hmvc.local/public";s:12:"SERVER_ADMIN";s:16:"admin@hmvc.local";s:15:"SCRIPT_FILENAME";s:51:"/home/quad9550/WANCLOUD/hmvc.local/public/index.php";s:11:"REMOTE_PORT";s:5:"41358";s:12:"REDIRECT_URL";s:14:"/checkout/gate";s:17:"GATEWAY_INTERFACE";s:7:"CGI/1.1";s:15:"SERVER_PROTOCOL";s:8:"HTTP/1.1";s:14:"REQUEST_METHOD";s:4:"POST";s:12:"QUERY_STRING";s:0:"";s:11:"REQUEST_URI";s:14:"/checkout/gate";s:11:"SCRIPT_NAME";s:10:"/index.php";s:8:"PHP_SELF";s:10:"/index.php";s:18:"REQUEST_TIME_FLOAT";d:1397079765.878;s:12:"REQUEST_TIME";i:1397079765;}', 'a:2:{s:5:"jcart";O:5:"Jcart":8:{s:6:"config";a:12:{s:9:"jcartPath";s:6:"jcart/";s:12:"checkoutPath";s:9:"/checkout";s:4:"item";a:6:{s:2:"id";s:10:"my-item-id";s:4:"name";s:12:"my-item-name";s:5:"price";s:13:"my-item-price";s:3:"qty";s:11:"my-item-qty";s:3:"url";s:11:"my-item-url";s:3:"add";s:13:"my-add-button";}s:6:"paypal";a:5:{s:2:"id";s:13:"HLQFRXK846S3U";s:5:"https";b:1;s:7:"sandbox";b:0;s:9:"returnUrl";s:1:"/";s:9:"notifyUrl";s:0:"";}s:12:"currencyCode";s:3:"AMD";s:9:"csrfToken";b:1;s:4:"text";a:15:{s:9:"cartTitle";s:16:"Զամբյուղ";s:10:"singleItem";s:6:"հատ";s:13:"multipleItems";s:6:"հատ";s:8:"subtotal";s:16:"Ընդամենը";s:6:"update";s:18:"Թարմացնել";s:8:"checkout";s:16:"Պատվիրել";s:14:"checkoutPaypal";s:25:"Վճարել PayPal֊ով";s:13:"checkoutCache";s:25:"Վճարել Տեղում";s:10:"removeLink";s:16:"Հեռացնել";s:11:"emptyButton";s:16:"Դատարկել";s:12:"emptyMessage";s:36:"Զամբյուղը Դատարկ Է։";s:9:"itemAdded";s:35:"Ուղարկվեց Զամբյուղ";s:10:"priceError";s:17:"Սխալ Գին։";s:13:"quantityError";s:21:"Սխալ Քանակ։";s:13:"checkoutError";s:59:"Զեր Պատոերը ՀՆԱՐԱՎՈՐ ՉԷ! Մշակել։";}s:6:"button";a:4:{s:8:"checkout";s:0:"";s:6:"paypal";s:0:"";s:6:"update";s:0:"";s:5:"empty";s:0:"";}s:7:"tooltip";b:1;s:11:"decimalQtys";b:0;s:13:"decimalPlaces";i:1;s:11:"priceFormat";a:3:{s:8:"decimals";i:2;s:9:"dec_point";s:1:".";s:13:"thousands_sep";s:1:",";}}s:12:"\0Jcart\0items";a:0:{}s:12:"\0Jcart\0names";a:0:{}s:13:"\0Jcart\0prices";a:0:{}s:11:"\0Jcart\0qtys";a:0:{}s:11:"\0Jcart\0urls";a:0:{}s:15:"\0Jcart\0subtotal";i:0;s:16:"\0Jcart\0itemCount";i:0;}s:10:"jcartToken";s:32:"85fbcf5840d85d62f39c91663b42e232";}', 'processing'),
(16, '80', 'Չորացրած գայլաձուկ', '1', '2500', '2014-04-09 21:51:54', 'Deliver now !!!', '', '', 'City/Street :  <br>Home/Flat Number :  <br>Building Number :  <br>More Details : , ', '+37495449060', 'More Notes : , ', '1', '2500', 'a:34:{s:15:"REDIRECT_STATUS";s:3:"200";s:9:"HTTP_HOST";s:10:"hmvc.local";s:15:"HTTP_CONNECTION";s:10:"keep-alive";s:14:"CONTENT_LENGTH";s:3:"539";s:18:"HTTP_CACHE_CONTROL";s:9:"max-age=0";s:11:"HTTP_ACCEPT";s:74:"text/html,application/xhtml+xml,application/xml;q=0.9,image/webp,*/*;q=0.8";s:11:"HTTP_ORIGIN";s:17:"http://hmvc.local";s:15:"HTTP_USER_AGENT";s:105:"Mozilla/5.0 (X11; Linux x86_64) AppleWebKit/537.36 (KHTML, like Gecko) Chrome/33.0.1750.152 Safari/537.36";s:12:"CONTENT_TYPE";s:33:"application/x-www-form-urlencoded";s:12:"HTTP_REFERER";s:26:"http://hmvc.local/checkout";s:20:"HTTP_ACCEPT_ENCODING";s:17:"gzip,deflate,sdch";s:20:"HTTP_ACCEPT_LANGUAGE";s:32:"en-US,en;q=0.8,ru;q=0.6,hy;q=0.4";s:11:"HTTP_COOKIE";s:36:"PHPSESSID=vuje6gut399km5n31ip498i4m3";s:4:"PATH";s:28:"/usr/local/bin:/usr/bin:/bin";s:16:"SERVER_SIGNATURE";s:71:"<address>Apache/2.2.22 (Ubuntu) Server at hmvc.local Port 80</address>\n";s:15:"SERVER_SOFTWARE";s:22:"Apache/2.2.22 (Ubuntu)";s:11:"SERVER_NAME";s:10:"hmvc.local";s:11:"SERVER_ADDR";s:9:"127.0.0.2";s:11:"SERVER_PORT";s:2:"80";s:11:"REMOTE_ADDR";s:9:"127.0.0.1";s:13:"DOCUMENT_ROOT";s:41:"/home/quad9550/WANCLOUD/hmvc.local/public";s:12:"SERVER_ADMIN";s:16:"admin@hmvc.local";s:15:"SCRIPT_FILENAME";s:51:"/home/quad9550/WANCLOUD/hmvc.local/public/index.php";s:11:"REMOTE_PORT";s:5:"41566";s:12:"REDIRECT_URL";s:14:"/checkout/gate";s:17:"GATEWAY_INTERFACE";s:7:"CGI/1.1";s:15:"SERVER_PROTOCOL";s:8:"HTTP/1.1";s:14:"REQUEST_METHOD";s:4:"POST";s:12:"QUERY_STRING";s:0:"";s:11:"REQUEST_URI";s:14:"/checkout/gate";s:11:"SCRIPT_NAME";s:10:"/index.php";s:8:"PHP_SELF";s:10:"/index.php";s:18:"REQUEST_TIME_FLOAT";d:1397080314.0039999;s:12:"REQUEST_TIME";i:1397080314;}', 'a:2:{s:5:"jcart";O:5:"Jcart":8:{s:6:"config";a:12:{s:9:"jcartPath";s:6:"jcart/";s:12:"checkoutPath";s:9:"/checkout";s:4:"item";a:6:{s:2:"id";s:10:"my-item-id";s:4:"name";s:12:"my-item-name";s:5:"price";s:13:"my-item-price";s:3:"qty";s:11:"my-item-qty";s:3:"url";s:11:"my-item-url";s:3:"add";s:13:"my-add-button";}s:6:"paypal";a:5:{s:2:"id";s:13:"HLQFRXK846S3U";s:5:"https";b:1;s:7:"sandbox";b:0;s:9:"returnUrl";s:1:"/";s:9:"notifyUrl";s:0:"";}s:12:"currencyCode";s:3:"AMD";s:9:"csrfToken";b:1;s:4:"text";a:15:{s:9:"cartTitle";s:16:"Զամբյուղ";s:10:"singleItem";s:6:"հատ";s:13:"multipleItems";s:6:"հատ";s:8:"subtotal";s:16:"Ընդամենը";s:6:"update";s:18:"Թարմացնել";s:8:"checkout";s:16:"Պատվիրել";s:14:"checkoutPaypal";s:25:"Վճարել PayPal֊ով";s:13:"checkoutCache";s:25:"Վճարել Տեղում";s:10:"removeLink";s:16:"Հեռացնել";s:11:"emptyButton";s:16:"Դատարկել";s:12:"emptyMessage";s:36:"Զամբյուղը Դատարկ Է։";s:9:"itemAdded";s:35:"Ուղարկվեց Զամբյուղ";s:10:"priceError";s:17:"Սխալ Գին։";s:13:"quantityError";s:21:"Սխալ Քանակ։";s:13:"checkoutError";s:59:"Զեր Պատոերը ՀՆԱՐԱՎՈՐ ՉԷ! Մշակել։";}s:6:"button";a:4:{s:8:"checkout";s:0:"";s:6:"paypal";s:0:"";s:6:"update";s:0:"";s:5:"empty";s:0:"";}s:7:"tooltip";b:1;s:11:"decimalQtys";b:0;s:13:"decimalPlaces";i:1;s:11:"priceFormat";a:3:{s:8:"decimals";i:2;s:9:"dec_point";s:1:".";s:13:"thousands_sep";s:1:",";}}s:12:"\0Jcart\0items";a:0:{}s:12:"\0Jcart\0names";a:0:{}s:13:"\0Jcart\0prices";a:0:{}s:11:"\0Jcart\0qtys";a:0:{}s:11:"\0Jcart\0urls";a:0:{}s:15:"\0Jcart\0subtotal";i:0;s:16:"\0Jcart\0itemCount";i:0;}s:10:"jcartToken";s:32:"85fbcf5840d85d62f39c91663b42e232";}', 'processing'),
(17, '1,3', 'Կրոմբախեր բաց,Կրոմբախեր բաց', '20,16', '950,600', '2014-04-09 22:20:59', 'Deliver now !!!', '', '', 'City/Street :  <br>Home/Flat Number :  <br>Building Number :  <br>More Details : , ', '+37495449060', 'More Notes : , ', '36', '28600', 'a:34:{s:15:"REDIRECT_STATUS";s:3:"200";s:9:"HTTP_HOST";s:10:"hmvc.local";s:15:"HTTP_CONNECTION";s:10:"keep-alive";s:14:"CONTENT_LENGTH";s:3:"669";s:18:"HTTP_CACHE_CONTROL";s:9:"max-age=0";s:11:"HTTP_ACCEPT";s:74:"text/html,application/xhtml+xml,application/xml;q=0.9,image/webp,*/*;q=0.8";s:11:"HTTP_ORIGIN";s:17:"http://hmvc.local";s:15:"HTTP_USER_AGENT";s:105:"Mozilla/5.0 (X11; Linux x86_64) AppleWebKit/537.36 (KHTML, like Gecko) Chrome/33.0.1750.152 Safari/537.36";s:12:"CONTENT_TYPE";s:33:"application/x-www-form-urlencoded";s:12:"HTTP_REFERER";s:26:"http://hmvc.local/checkout";s:20:"HTTP_ACCEPT_ENCODING";s:17:"gzip,deflate,sdch";s:20:"HTTP_ACCEPT_LANGUAGE";s:32:"en-US,en;q=0.8,ru;q=0.6,hy;q=0.4";s:11:"HTTP_COOKIE";s:36:"PHPSESSID=vuje6gut399km5n31ip498i4m3";s:4:"PATH";s:28:"/usr/local/bin:/usr/bin:/bin";s:16:"SERVER_SIGNATURE";s:71:"<address>Apache/2.2.22 (Ubuntu) Server at hmvc.local Port 80</address>\n";s:15:"SERVER_SOFTWARE";s:22:"Apache/2.2.22 (Ubuntu)";s:11:"SERVER_NAME";s:10:"hmvc.local";s:11:"SERVER_ADDR";s:9:"127.0.0.2";s:11:"SERVER_PORT";s:2:"80";s:11:"REMOTE_ADDR";s:9:"127.0.0.1";s:13:"DOCUMENT_ROOT";s:41:"/home/quad9550/WANCLOUD/hmvc.local/public";s:12:"SERVER_ADMIN";s:16:"admin@hmvc.local";s:15:"SCRIPT_FILENAME";s:51:"/home/quad9550/WANCLOUD/hmvc.local/public/index.php";s:11:"REMOTE_PORT";s:5:"41882";s:12:"REDIRECT_URL";s:14:"/checkout/gate";s:17:"GATEWAY_INTERFACE";s:7:"CGI/1.1";s:15:"SERVER_PROTOCOL";s:8:"HTTP/1.1";s:14:"REQUEST_METHOD";s:4:"POST";s:12:"QUERY_STRING";s:0:"";s:11:"REQUEST_URI";s:14:"/checkout/gate";s:11:"SCRIPT_NAME";s:10:"/index.php";s:8:"PHP_SELF";s:10:"/index.php";s:18:"REQUEST_TIME_FLOAT";d:1397082059.4909999;s:12:"REQUEST_TIME";i:1397082059;}', 'a:2:{s:5:"jcart";O:5:"Jcart":8:{s:6:"config";a:12:{s:9:"jcartPath";s:6:"jcart/";s:12:"checkoutPath";s:9:"/checkout";s:4:"item";a:6:{s:2:"id";s:10:"my-item-id";s:4:"name";s:12:"my-item-name";s:5:"price";s:13:"my-item-price";s:3:"qty";s:11:"my-item-qty";s:3:"url";s:11:"my-item-url";s:3:"add";s:13:"my-add-button";}s:6:"paypal";a:5:{s:2:"id";s:13:"HLQFRXK846S3U";s:5:"https";b:1;s:7:"sandbox";b:0;s:9:"returnUrl";s:1:"/";s:9:"notifyUrl";s:0:"";}s:12:"currencyCode";s:3:"AMD";s:9:"csrfToken";b:1;s:4:"text";a:15:{s:9:"cartTitle";s:16:"Զամբյուղ";s:10:"singleItem";s:6:"հատ";s:13:"multipleItems";s:6:"հատ";s:8:"subtotal";s:16:"Ընդամենը";s:6:"update";s:18:"Թարմացնել";s:8:"checkout";s:16:"Պատվիրել";s:14:"checkoutPaypal";s:25:"Վճարել PayPal֊ով";s:13:"checkoutCache";s:25:"Վճարել Տեղում";s:10:"removeLink";s:16:"Հեռացնել";s:11:"emptyButton";s:16:"Դատարկել";s:12:"emptyMessage";s:36:"Զամբյուղը Դատարկ Է։";s:9:"itemAdded";s:35:"Ուղարկվեց Զամբյուղ";s:10:"priceError";s:17:"Սխալ Գին։";s:13:"quantityError";s:21:"Սխալ Քանակ։";s:13:"checkoutError";s:59:"Զեր Պատոերը ՀՆԱՐԱՎՈՐ ՉԷ! Մշակել։";}s:6:"button";a:4:{s:8:"checkout";s:0:"";s:6:"paypal";s:0:"";s:6:"update";s:0:"";s:5:"empty";s:0:"";}s:7:"tooltip";b:1;s:11:"decimalQtys";b:0;s:13:"decimalPlaces";i:1;s:11:"priceFormat";a:3:{s:8:"decimals";i:2;s:9:"dec_point";s:1:".";s:13:"thousands_sep";s:1:",";}}s:12:"\0Jcart\0items";a:0:{}s:12:"\0Jcart\0names";a:0:{}s:13:"\0Jcart\0prices";a:0:{}s:11:"\0Jcart\0qtys";a:0:{}s:11:"\0Jcart\0urls";a:0:{}s:15:"\0Jcart\0subtotal";i:0;s:16:"\0Jcart\0itemCount";i:0;}s:10:"jcartToken";s:32:"85fbcf5840d85d62f39c91663b42e232";}', 'processing'),
(18, '67,68,69,70,71,72,73', 'Բնական հյութեր Սանդորա,Կոկա-Կոլա,Ֆանտա,Հանքային ջուր,Աղբյուրի ջուր,Լիմոնադ,Սպրայտ', '1,1,1,1,1,1,1', '1000,200,200,200,200,200,200', '2014-04-09 22:22:22', 'Deliver now !!!', '', '', 'City/Street :  <br>Home/Flat Number :  <br>Building Number :  <br>More Details : , ', '+374333333333', 'More Notes : , ', '7', '2200', 'a:34:{s:15:"REDIRECT_STATUS";s:3:"200";s:9:"HTTP_HOST";s:10:"hmvc.local";s:15:"HTTP_CONNECTION";s:10:"keep-alive";s:14:"CONTENT_LENGTH";s:4:"1390";s:18:"HTTP_CACHE_CONTROL";s:9:"max-age=0";s:11:"HTTP_ACCEPT";s:74:"text/html,application/xhtml+xml,application/xml;q=0.9,image/webp,*/*;q=0.8";s:11:"HTTP_ORIGIN";s:17:"http://hmvc.local";s:15:"HTTP_USER_AGENT";s:105:"Mozilla/5.0 (X11; Linux x86_64) AppleWebKit/537.36 (KHTML, like Gecko) Chrome/33.0.1750.152 Safari/537.36";s:12:"CONTENT_TYPE";s:33:"application/x-www-form-urlencoded";s:12:"HTTP_REFERER";s:26:"http://hmvc.local/checkout";s:20:"HTTP_ACCEPT_ENCODING";s:17:"gzip,deflate,sdch";s:20:"HTTP_ACCEPT_LANGUAGE";s:32:"en-US,en;q=0.8,ru;q=0.6,hy;q=0.4";s:11:"HTTP_COOKIE";s:36:"PHPSESSID=vuje6gut399km5n31ip498i4m3";s:4:"PATH";s:28:"/usr/local/bin:/usr/bin:/bin";s:16:"SERVER_SIGNATURE";s:71:"<address>Apache/2.2.22 (Ubuntu) Server at hmvc.local Port 80</address>\n";s:15:"SERVER_SOFTWARE";s:22:"Apache/2.2.22 (Ubuntu)";s:11:"SERVER_NAME";s:10:"hmvc.local";s:11:"SERVER_ADDR";s:9:"127.0.0.2";s:11:"SERVER_PORT";s:2:"80";s:11:"REMOTE_ADDR";s:9:"127.0.0.1";s:13:"DOCUMENT_ROOT";s:41:"/home/quad9550/WANCLOUD/hmvc.local/public";s:12:"SERVER_ADMIN";s:16:"admin@hmvc.local";s:15:"SCRIPT_FILENAME";s:51:"/home/quad9550/WANCLOUD/hmvc.local/public/index.php";s:11:"REMOTE_PORT";s:5:"41925";s:12:"REDIRECT_URL";s:14:"/checkout/gate";s:17:"GATEWAY_INTERFACE";s:7:"CGI/1.1";s:15:"SERVER_PROTOCOL";s:8:"HTTP/1.1";s:14:"REQUEST_METHOD";s:4:"POST";s:12:"QUERY_STRING";s:0:"";s:11:"REQUEST_URI";s:14:"/checkout/gate";s:11:"SCRIPT_NAME";s:10:"/index.php";s:8:"PHP_SELF";s:10:"/index.php";s:18:"REQUEST_TIME_FLOAT";d:1397082142.928;s:12:"REQUEST_TIME";i:1397082142;}', 'a:2:{s:5:"jcart";O:5:"Jcart":8:{s:6:"config";a:12:{s:9:"jcartPath";s:6:"jcart/";s:12:"checkoutPath";s:9:"/checkout";s:4:"item";a:6:{s:2:"id";s:10:"my-item-id";s:4:"name";s:12:"my-item-name";s:5:"price";s:13:"my-item-price";s:3:"qty";s:11:"my-item-qty";s:3:"url";s:11:"my-item-url";s:3:"add";s:13:"my-add-button";}s:6:"paypal";a:5:{s:2:"id";s:13:"HLQFRXK846S3U";s:5:"https";b:1;s:7:"sandbox";b:0;s:9:"returnUrl";s:1:"/";s:9:"notifyUrl";s:0:"";}s:12:"currencyCode";s:3:"AMD";s:9:"csrfToken";b:1;s:4:"text";a:15:{s:9:"cartTitle";s:16:"Զամբյուղ";s:10:"singleItem";s:6:"հատ";s:13:"multipleItems";s:6:"հատ";s:8:"subtotal";s:16:"Ընդամենը";s:6:"update";s:18:"Թարմացնել";s:8:"checkout";s:16:"Պատվիրել";s:14:"checkoutPaypal";s:25:"Վճարել PayPal֊ով";s:13:"checkoutCache";s:25:"Վճարել Տեղում";s:10:"removeLink";s:16:"Հեռացնել";s:11:"emptyButton";s:16:"Դատարկել";s:12:"emptyMessage";s:36:"Զամբյուղը Դատարկ Է։";s:9:"itemAdded";s:35:"Ուղարկվեց Զամբյուղ";s:10:"priceError";s:17:"Սխալ Գին։";s:13:"quantityError";s:21:"Սխալ Քանակ։";s:13:"checkoutError";s:59:"Զեր Պատոերը ՀՆԱՐԱՎՈՐ ՉԷ! Մշակել։";}s:6:"button";a:4:{s:8:"checkout";s:0:"";s:6:"paypal";s:0:"";s:6:"update";s:0:"";s:5:"empty";s:0:"";}s:7:"tooltip";b:1;s:11:"decimalQtys";b:0;s:13:"decimalPlaces";i:1;s:11:"priceFormat";a:3:{s:8:"decimals";i:2;s:9:"dec_point";s:1:".";s:13:"thousands_sep";s:1:",";}}s:12:"\0Jcart\0items";a:0:{}s:12:"\0Jcart\0names";a:0:{}s:13:"\0Jcart\0prices";a:0:{}s:11:"\0Jcart\0qtys";a:0:{}s:11:"\0Jcart\0urls";a:0:{}s:15:"\0Jcart\0subtotal";i:0;s:16:"\0Jcart\0itemCount";i:0;}s:10:"jcartToken";s:32:"85fbcf5840d85d62f39c91663b42e232";}', 'Pending'),
(19, '76,77,78,23,24,25', 'Խեցգետին,Խեցգետին,Խեցգետին,Աղցան &#60;&#60;Կրոմբախեր&#62;&#62;,Աղցան Մայրաքաղաքային,Աղցան Օլիվյե', '1,1,1,1,1,1', '2500,3500,5700,1800,1000,900', '2014-04-09 22:25:47', 'Deliver now !!!', '', '', 'City/Street :  <br>Home/Flat Number :  <br>Building Number :  <br>More Details : , ', '+37495899885', 'More Notes : , ', '6', '15400', 'a:34:{s:15:"REDIRECT_STATUS";s:3:"200";s:9:"HTTP_HOST";s:10:"hmvc.local";s:15:"HTTP_CONNECTION";s:10:"keep-alive";s:14:"CONTENT_LENGTH";s:4:"1303";s:18:"HTTP_CACHE_CONTROL";s:9:"max-age=0";s:11:"HTTP_ACCEPT";s:74:"text/html,application/xhtml+xml,application/xml;q=0.9,image/webp,*/*;q=0.8";s:11:"HTTP_ORIGIN";s:17:"http://hmvc.local";s:15:"HTTP_USER_AGENT";s:105:"Mozilla/5.0 (X11; Linux x86_64) AppleWebKit/537.36 (KHTML, like Gecko) Chrome/33.0.1750.152 Safari/537.36";s:12:"CONTENT_TYPE";s:33:"application/x-www-form-urlencoded";s:12:"HTTP_REFERER";s:26:"http://hmvc.local/checkout";s:20:"HTTP_ACCEPT_ENCODING";s:17:"gzip,deflate,sdch";s:20:"HTTP_ACCEPT_LANGUAGE";s:32:"en-US,en;q=0.8,ru;q=0.6,hy;q=0.4";s:11:"HTTP_COOKIE";s:36:"PHPSESSID=vuje6gut399km5n31ip498i4m3";s:4:"PATH";s:28:"/usr/local/bin:/usr/bin:/bin";s:16:"SERVER_SIGNATURE";s:71:"<address>Apache/2.2.22 (Ubuntu) Server at hmvc.local Port 80</address>\n";s:15:"SERVER_SOFTWARE";s:22:"Apache/2.2.22 (Ubuntu)";s:11:"SERVER_NAME";s:10:"hmvc.local";s:11:"SERVER_ADDR";s:9:"127.0.0.2";s:11:"SERVER_PORT";s:2:"80";s:11:"REMOTE_ADDR";s:9:"127.0.0.1";s:13:"DOCUMENT_ROOT";s:41:"/home/quad9550/WANCLOUD/hmvc.local/public";s:12:"SERVER_ADMIN";s:16:"admin@hmvc.local";s:15:"SCRIPT_FILENAME";s:51:"/home/quad9550/WANCLOUD/hmvc.local/public/index.php";s:11:"REMOTE_PORT";s:5:"42096";s:12:"REDIRECT_URL";s:14:"/checkout/gate";s:17:"GATEWAY_INTERFACE";s:7:"CGI/1.1";s:15:"SERVER_PROTOCOL";s:8:"HTTP/1.1";s:14:"REQUEST_METHOD";s:4:"POST";s:12:"QUERY_STRING";s:0:"";s:11:"REQUEST_URI";s:14:"/checkout/gate";s:11:"SCRIPT_NAME";s:10:"/index.php";s:8:"PHP_SELF";s:10:"/index.php";s:18:"REQUEST_TIME_FLOAT";d:1397082347.7639999;s:12:"REQUEST_TIME";i:1397082347;}', 'a:2:{s:5:"jcart";O:5:"Jcart":8:{s:6:"config";a:12:{s:9:"jcartPath";s:6:"jcart/";s:12:"checkoutPath";s:9:"/checkout";s:4:"item";a:6:{s:2:"id";s:10:"my-item-id";s:4:"name";s:12:"my-item-name";s:5:"price";s:13:"my-item-price";s:3:"qty";s:11:"my-item-qty";s:3:"url";s:11:"my-item-url";s:3:"add";s:13:"my-add-button";}s:6:"paypal";a:5:{s:2:"id";s:13:"HLQFRXK846S3U";s:5:"https";b:1;s:7:"sandbox";b:0;s:9:"returnUrl";s:1:"/";s:9:"notifyUrl";s:0:"";}s:12:"currencyCode";s:3:"AMD";s:9:"csrfToken";b:1;s:4:"text";a:15:{s:9:"cartTitle";s:16:"Զամբյուղ";s:10:"singleItem";s:6:"հատ";s:13:"multipleItems";s:6:"հատ";s:8:"subtotal";s:16:"Ընդամենը";s:6:"update";s:18:"Թարմացնել";s:8:"checkout";s:16:"Պատվիրել";s:14:"checkoutPaypal";s:25:"Վճարել PayPal֊ով";s:13:"checkoutCache";s:25:"Վճարել Տեղում";s:10:"removeLink";s:16:"Հեռացնել";s:11:"emptyButton";s:16:"Դատարկել";s:12:"emptyMessage";s:36:"Զամբյուղը Դատարկ Է։";s:9:"itemAdded";s:35:"Ուղարկվեց Զամբյուղ";s:10:"priceError";s:17:"Սխալ Գին։";s:13:"quantityError";s:21:"Սխալ Քանակ։";s:13:"checkoutError";s:59:"Զեր Պատոերը ՀՆԱՐԱՎՈՐ ՉԷ! Մշակել։";}s:6:"button";a:4:{s:8:"checkout";s:0:"";s:6:"paypal";s:0:"";s:6:"update";s:0:"";s:5:"empty";s:0:"";}s:7:"tooltip";b:1;s:11:"decimalQtys";b:0;s:13:"decimalPlaces";i:1;s:11:"priceFormat";a:3:{s:8:"decimals";i:2;s:9:"dec_point";s:1:".";s:13:"thousands_sep";s:1:",";}}s:12:"\0Jcart\0items";a:0:{}s:12:"\0Jcart\0names";a:0:{}s:13:"\0Jcart\0prices";a:0:{}s:11:"\0Jcart\0qtys";a:0:{}s:11:"\0Jcart\0urls";a:0:{}s:15:"\0Jcart\0subtotal";i:0;s:16:"\0Jcart\0itemCount";i:0;}s:10:"jcartToken";s:32:"85fbcf5840d85d62f39c91663b42e232";}', 'Pending'),
(20, '31', 'Ձկան տեսականի', '1', '5000', '2014-04-09 22:34:25', 'Deliver now !!!', 'kto?', '', 'City/Street :  <br>Home/Flat Number :  <br>Building Number :  <br>More Details : , ', '+3741959219', 'More Notes : , ', '1', '5000', 'a:34:{s:15:"REDIRECT_STATUS";s:3:"200";s:9:"HTTP_HOST";s:10:"hmvc.local";s:15:"HTTP_CONNECTION";s:10:"keep-alive";s:14:"CONTENT_LENGTH";s:3:"509";s:18:"HTTP_CACHE_CONTROL";s:9:"max-age=0";s:11:"HTTP_ACCEPT";s:74:"text/html,application/xhtml+xml,application/xml;q=0.9,image/webp,*/*;q=0.8";s:11:"HTTP_ORIGIN";s:17:"http://hmvc.local";s:15:"HTTP_USER_AGENT";s:105:"Mozilla/5.0 (X11; Linux x86_64) AppleWebKit/537.36 (KHTML, like Gecko) Chrome/33.0.1750.152 Safari/537.36";s:12:"CONTENT_TYPE";s:33:"application/x-www-form-urlencoded";s:12:"HTTP_REFERER";s:26:"http://hmvc.local/checkout";s:20:"HTTP_ACCEPT_ENCODING";s:17:"gzip,deflate,sdch";s:20:"HTTP_ACCEPT_LANGUAGE";s:32:"en-US,en;q=0.8,ru;q=0.6,hy;q=0.4";s:11:"HTTP_COOKIE";s:36:"PHPSESSID=vuje6gut399km5n31ip498i4m3";s:4:"PATH";s:28:"/usr/local/bin:/usr/bin:/bin";s:16:"SERVER_SIGNATURE";s:71:"<address>Apache/2.2.22 (Ubuntu) Server at hmvc.local Port 80</address>\n";s:15:"SERVER_SOFTWARE";s:22:"Apache/2.2.22 (Ubuntu)";s:11:"SERVER_NAME";s:10:"hmvc.local";s:11:"SERVER_ADDR";s:9:"127.0.0.2";s:11:"SERVER_PORT";s:2:"80";s:11:"REMOTE_ADDR";s:9:"127.0.0.1";s:13:"DOCUMENT_ROOT";s:41:"/home/quad9550/WANCLOUD/hmvc.local/public";s:12:"SERVER_ADMIN";s:16:"admin@hmvc.local";s:15:"SCRIPT_FILENAME";s:51:"/home/quad9550/WANCLOUD/hmvc.local/public/index.php";s:11:"REMOTE_PORT";s:5:"42249";s:12:"REDIRECT_URL";s:14:"/checkout/gate";s:17:"GATEWAY_INTERFACE";s:7:"CGI/1.1";s:15:"SERVER_PROTOCOL";s:8:"HTTP/1.1";s:14:"REQUEST_METHOD";s:4:"POST";s:12:"QUERY_STRING";s:0:"";s:11:"REQUEST_URI";s:14:"/checkout/gate";s:11:"SCRIPT_NAME";s:10:"/index.php";s:8:"PHP_SELF";s:10:"/index.php";s:18:"REQUEST_TIME_FLOAT";d:1397082865.7160001;s:12:"REQUEST_TIME";i:1397082865;}', 'a:2:{s:5:"jcart";O:5:"Jcart":8:{s:6:"config";a:12:{s:9:"jcartPath";s:6:"jcart/";s:12:"checkoutPath";s:9:"/checkout";s:4:"item";a:6:{s:2:"id";s:10:"my-item-id";s:4:"name";s:12:"my-item-name";s:5:"price";s:13:"my-item-price";s:3:"qty";s:11:"my-item-qty";s:3:"url";s:11:"my-item-url";s:3:"add";s:13:"my-add-button";}s:6:"paypal";a:5:{s:2:"id";s:13:"HLQFRXK846S3U";s:5:"https";b:1;s:7:"sandbox";b:0;s:9:"returnUrl";s:1:"/";s:9:"notifyUrl";s:0:"";}s:12:"currencyCode";s:3:"AMD";s:9:"csrfToken";b:1;s:4:"text";a:15:{s:9:"cartTitle";s:16:"Զամբյուղ";s:10:"singleItem";s:6:"հատ";s:13:"multipleItems";s:6:"հատ";s:8:"subtotal";s:16:"Ընդամենը";s:6:"update";s:18:"Թարմացնել";s:8:"checkout";s:16:"Պատվիրել";s:14:"checkoutPaypal";s:25:"Վճարել PayPal֊ով";s:13:"checkoutCache";s:25:"Վճարել Տեղում";s:10:"removeLink";s:16:"Հեռացնել";s:11:"emptyButton";s:16:"Դատարկել";s:12:"emptyMessage";s:36:"Զամբյուղը Դատարկ Է։";s:9:"itemAdded";s:35:"Ուղարկվեց Զամբյուղ";s:10:"priceError";s:17:"Սխալ Գին։";s:13:"quantityError";s:21:"Սխալ Քանակ։";s:13:"checkoutError";s:59:"Զեր Պատոերը ՀՆԱՐԱՎՈՐ ՉԷ! Մշակել։";}s:6:"button";a:4:{s:8:"checkout";s:0:"";s:6:"paypal";s:0:"";s:6:"update";s:0:"";s:5:"empty";s:0:"";}s:7:"tooltip";b:1;s:11:"decimalQtys";b:0;s:13:"decimalPlaces";i:1;s:11:"priceFormat";a:3:{s:8:"decimals";i:2;s:9:"dec_point";s:1:".";s:13:"thousands_sep";s:1:",";}}s:12:"\0Jcart\0items";a:0:{}s:12:"\0Jcart\0names";a:0:{}s:13:"\0Jcart\0prices";a:0:{}s:11:"\0Jcart\0qtys";a:0:{}s:11:"\0Jcart\0urls";a:0:{}s:15:"\0Jcart\0subtotal";i:0;s:16:"\0Jcart\0itemCount";i:0;}s:10:"jcartToken";s:32:"85fbcf5840d85d62f39c91663b42e232";}', 'Pending'),
(21, '14,13,15,12', 'Նրբերշիկ պանրով,Խոզի նրբերշիկ Վինեվյուրստ,Տավարի նրբերշիկ Մյուլլեր,Նյուրնբերգյան նրբերշիկ', '2,3,3,2', '1300,1700,1500,1600', '2014-04-09 22:35:11', 'Deliver now !!!', '', '', 'City/Street :  <br>Home/Flat Number :  <br>Building Number :  <br>More Details : , ', '+37495449060', 'More Notes : , ', '10', '15400', 'a:34:{s:15:"REDIRECT_STATUS";s:3:"200";s:9:"HTTP_HOST";s:10:"hmvc.local";s:15:"HTTP_CONNECTION";s:10:"keep-alive";s:14:"CONTENT_LENGTH";s:4:"1189";s:18:"HTTP_CACHE_CONTROL";s:9:"max-age=0";s:11:"HTTP_ACCEPT";s:74:"text/html,application/xhtml+xml,application/xml;q=0.9,image/webp,*/*;q=0.8";s:11:"HTTP_ORIGIN";s:17:"http://hmvc.local";s:15:"HTTP_USER_AGENT";s:105:"Mozilla/5.0 (X11; Linux x86_64) AppleWebKit/537.36 (KHTML, like Gecko) Chrome/33.0.1750.152 Safari/537.36";s:12:"CONTENT_TYPE";s:33:"application/x-www-form-urlencoded";s:12:"HTTP_REFERER";s:26:"http://hmvc.local/checkout";s:20:"HTTP_ACCEPT_ENCODING";s:17:"gzip,deflate,sdch";s:20:"HTTP_ACCEPT_LANGUAGE";s:32:"en-US,en;q=0.8,ru;q=0.6,hy;q=0.4";s:11:"HTTP_COOKIE";s:36:"PHPSESSID=vuje6gut399km5n31ip498i4m3";s:4:"PATH";s:28:"/usr/local/bin:/usr/bin:/bin";s:16:"SERVER_SIGNATURE";s:71:"<address>Apache/2.2.22 (Ubuntu) Server at hmvc.local Port 80</address>\n";s:15:"SERVER_SOFTWARE";s:22:"Apache/2.2.22 (Ubuntu)";s:11:"SERVER_NAME";s:10:"hmvc.local";s:11:"SERVER_ADDR";s:9:"127.0.0.2";s:11:"SERVER_PORT";s:2:"80";s:11:"REMOTE_ADDR";s:9:"127.0.0.1";s:13:"DOCUMENT_ROOT";s:41:"/home/quad9550/WANCLOUD/hmvc.local/public";s:12:"SERVER_ADMIN";s:16:"admin@hmvc.local";s:15:"SCRIPT_FILENAME";s:51:"/home/quad9550/WANCLOUD/hmvc.local/public/index.php";s:11:"REMOTE_PORT";s:5:"42284";s:12:"REDIRECT_URL";s:14:"/checkout/gate";s:17:"GATEWAY_INTERFACE";s:7:"CGI/1.1";s:15:"SERVER_PROTOCOL";s:8:"HTTP/1.1";s:14:"REQUEST_METHOD";s:4:"POST";s:12:"QUERY_STRING";s:0:"";s:11:"REQUEST_URI";s:14:"/checkout/gate";s:11:"SCRIPT_NAME";s:10:"/index.php";s:8:"PHP_SELF";s:10:"/index.php";s:18:"REQUEST_TIME_FLOAT";d:1397082911.6389999;s:12:"REQUEST_TIME";i:1397082911;}', 'a:2:{s:5:"jcart";O:5:"Jcart":8:{s:6:"config";a:12:{s:9:"jcartPath";s:6:"jcart/";s:12:"checkoutPath";s:9:"/checkout";s:4:"item";a:6:{s:2:"id";s:10:"my-item-id";s:4:"name";s:12:"my-item-name";s:5:"price";s:13:"my-item-price";s:3:"qty";s:11:"my-item-qty";s:3:"url";s:11:"my-item-url";s:3:"add";s:13:"my-add-button";}s:6:"paypal";a:5:{s:2:"id";s:13:"HLQFRXK846S3U";s:5:"https";b:1;s:7:"sandbox";b:0;s:9:"returnUrl";s:1:"/";s:9:"notifyUrl";s:0:"";}s:12:"currencyCode";s:3:"AMD";s:9:"csrfToken";b:1;s:4:"text";a:15:{s:9:"cartTitle";s:16:"Զամբյուղ";s:10:"singleItem";s:6:"հատ";s:13:"multipleItems";s:6:"հատ";s:8:"subtotal";s:16:"Ընդամենը";s:6:"update";s:18:"Թարմացնել";s:8:"checkout";s:16:"Պատվիրել";s:14:"checkoutPaypal";s:25:"Վճարել PayPal֊ով";s:13:"checkoutCache";s:25:"Վճարել Տեղում";s:10:"removeLink";s:16:"Հեռացնել";s:11:"emptyButton";s:16:"Դատարկել";s:12:"emptyMessage";s:36:"Զամբյուղը Դատարկ Է։";s:9:"itemAdded";s:35:"Ուղարկվեց Զամբյուղ";s:10:"priceError";s:17:"Սխալ Գին։";s:13:"quantityError";s:21:"Սխալ Քանակ։";s:13:"checkoutError";s:59:"Զեր Պատոերը ՀՆԱՐԱՎՈՐ ՉԷ! Մշակել։";}s:6:"button";a:4:{s:8:"checkout";s:0:"";s:6:"paypal";s:0:"";s:6:"update";s:0:"";s:5:"empty";s:0:"";}s:7:"tooltip";b:1;s:11:"decimalQtys";b:0;s:13:"decimalPlaces";i:1;s:11:"priceFormat";a:3:{s:8:"decimals";i:2;s:9:"dec_point";s:1:".";s:13:"thousands_sep";s:1:",";}}s:12:"\0Jcart\0items";a:0:{}s:12:"\0Jcart\0names";a:0:{}s:13:"\0Jcart\0prices";a:0:{}s:11:"\0Jcart\0qtys";a:0:{}s:11:"\0Jcart\0urls";a:0:{}s:15:"\0Jcart\0subtotal";i:0;s:16:"\0Jcart\0itemCount";i:0;}s:10:"jcartToken";s:32:"85fbcf5840d85d62f39c91663b42e232";}', 'Pending'),
(22, '42,41,43', 'Տապակած հավի թևիկներ կծու սոուսով,Խոզի մատներ սոուսով,Պաքսիմատապատված հավի թևիկներ', '1,1,1', '1500,2500,1500', '2014-04-09 23:10:10', 'Deliver now !!!', 'Aram Armenovich Harutyunyan', 'aram.xs@gmail.com', 'City/Street : Hasratyan <br>Home/Flat Number : 8 <br>Building Number : 25 <br>More Details : , ', '+37495449060', 'More Notes : , ', '3', '5500', 'a:34:{s:15:"REDIRECT_STATUS";s:3:"200";s:9:"HTTP_HOST";s:10:"hmvc.local";s:15:"HTTP_CONNECTION";s:10:"keep-alive";s:14:"CONTENT_LENGTH";s:4:"1054";s:18:"HTTP_CACHE_CONTROL";s:9:"max-age=0";s:11:"HTTP_ACCEPT";s:74:"text/html,application/xhtml+xml,application/xml;q=0.9,image/webp,*/*;q=0.8";s:11:"HTTP_ORIGIN";s:17:"http://hmvc.local";s:15:"HTTP_USER_AGENT";s:105:"Mozilla/5.0 (X11; Linux x86_64) AppleWebKit/537.36 (KHTML, like Gecko) Chrome/33.0.1750.152 Safari/537.36";s:12:"CONTENT_TYPE";s:33:"application/x-www-form-urlencoded";s:12:"HTTP_REFERER";s:26:"http://hmvc.local/checkout";s:20:"HTTP_ACCEPT_ENCODING";s:17:"gzip,deflate,sdch";s:20:"HTTP_ACCEPT_LANGUAGE";s:32:"en-US,en;q=0.8,ru;q=0.6,hy;q=0.4";s:11:"HTTP_COOKIE";s:36:"PHPSESSID=vuje6gut399km5n31ip498i4m3";s:4:"PATH";s:28:"/usr/local/bin:/usr/bin:/bin";s:16:"SERVER_SIGNATURE";s:71:"<address>Apache/2.2.22 (Ubuntu) Server at hmvc.local Port 80</address>\n";s:15:"SERVER_SOFTWARE";s:22:"Apache/2.2.22 (Ubuntu)";s:11:"SERVER_NAME";s:10:"hmvc.local";s:11:"SERVER_ADDR";s:9:"127.0.0.2";s:11:"SERVER_PORT";s:2:"80";s:11:"REMOTE_ADDR";s:9:"127.0.0.1";s:13:"DOCUMENT_ROOT";s:41:"/home/quad9550/WANCLOUD/hmvc.local/public";s:12:"SERVER_ADMIN";s:16:"admin@hmvc.local";s:15:"SCRIPT_FILENAME";s:51:"/home/quad9550/WANCLOUD/hmvc.local/public/index.php";s:11:"REMOTE_PORT";s:5:"42636";s:12:"REDIRECT_URL";s:14:"/checkout/gate";s:17:"GATEWAY_INTERFACE";s:7:"CGI/1.1";s:15:"SERVER_PROTOCOL";s:8:"HTTP/1.1";s:14:"REQUEST_METHOD";s:4:"POST";s:12:"QUERY_STRING";s:0:"";s:11:"REQUEST_URI";s:14:"/checkout/gate";s:11:"SCRIPT_NAME";s:10:"/index.php";s:8:"PHP_SELF";s:10:"/index.php";s:18:"REQUEST_TIME_FLOAT";d:1397085010.29;s:12:"REQUEST_TIME";i:1397085010;}', 'a:2:{s:5:"jcart";O:5:"Jcart":8:{s:6:"config";a:12:{s:9:"jcartPath";s:6:"jcart/";s:12:"checkoutPath";s:9:"/checkout";s:4:"item";a:6:{s:2:"id";s:10:"my-item-id";s:4:"name";s:12:"my-item-name";s:5:"price";s:13:"my-item-price";s:3:"qty";s:11:"my-item-qty";s:3:"url";s:11:"my-item-url";s:3:"add";s:13:"my-add-button";}s:6:"paypal";a:5:{s:2:"id";s:13:"HLQFRXK846S3U";s:5:"https";b:1;s:7:"sandbox";b:0;s:9:"returnUrl";s:1:"/";s:9:"notifyUrl";s:0:"";}s:12:"currencyCode";s:3:"AMD";s:9:"csrfToken";b:1;s:4:"text";a:15:{s:9:"cartTitle";s:16:"Զամբյուղ";s:10:"singleItem";s:6:"հատ";s:13:"multipleItems";s:6:"հատ";s:8:"subtotal";s:16:"Ընդամենը";s:6:"update";s:18:"Թարմացնել";s:8:"checkout";s:16:"Պատվիրել";s:14:"checkoutPaypal";s:25:"Վճարել PayPal֊ով";s:13:"checkoutCache";s:25:"Վճարել Տեղում";s:10:"removeLink";s:16:"Հեռացնել";s:11:"emptyButton";s:16:"Դատարկել";s:12:"emptyMessage";s:36:"Զամբյուղը Դատարկ Է։";s:9:"itemAdded";s:35:"Ուղարկվեց Զամբյուղ";s:10:"priceError";s:17:"Սխալ Գին։";s:13:"quantityError";s:21:"Սխալ Քանակ։";s:13:"checkoutError";s:59:"Զեր Պատոերը ՀՆԱՐԱՎՈՐ ՉԷ! Մշակել։";}s:6:"button";a:4:{s:8:"checkout";s:0:"";s:6:"paypal";s:0:"";s:6:"update";s:0:"";s:5:"empty";s:0:"";}s:7:"tooltip";b:1;s:11:"decimalQtys";b:0;s:13:"decimalPlaces";i:1;s:11:"priceFormat";a:3:{s:8:"decimals";i:2;s:9:"dec_point";s:1:".";s:13:"thousands_sep";s:1:",";}}s:12:"\0Jcart\0items";a:0:{}s:12:"\0Jcart\0names";a:0:{}s:13:"\0Jcart\0prices";a:0:{}s:11:"\0Jcart\0qtys";a:0:{}s:11:"\0Jcart\0urls";a:0:{}s:15:"\0Jcart\0subtotal";i:0;s:16:"\0Jcart\0itemCount";i:0;}s:10:"jcartToken";s:32:"c843b96bcc45f113f1c83cd274b18d83";}', 'Pending'),
(23, '12', 'Նյուրնբերգյան նրբերշիկ', '1', '1600', '2014-04-10 14:28:29', 'Deliver now !!!', '', '', 'City/Street :  <br>Home/Flat Number :  <br>Building Number :  <br>More Details : , ', '+3749595959595', 'More Notes : , ', '1', '1600', 'a:34:{s:15:"REDIRECT_STATUS";s:3:"200";s:9:"HTTP_HOST";s:10:"hmvc.local";s:15:"HTTP_CONNECTION";s:10:"keep-alive";s:14:"CONTENT_LENGTH";s:3:"565";s:18:"HTTP_CACHE_CONTROL";s:9:"max-age=0";s:11:"HTTP_ACCEPT";s:74:"text/html,application/xhtml+xml,application/xml;q=0.9,image/webp,*/*;q=0.8";s:11:"HTTP_ORIGIN";s:17:"http://hmvc.local";s:15:"HTTP_USER_AGENT";s:109:"Mozilla/5.0 (Windows NT 6.1; WOW64) AppleWebKit/537.36 (KHTML, like Gecko) Chrome/34.0.1847.116 Safari/537.36";s:12:"CONTENT_TYPE";s:33:"application/x-www-form-urlencoded";s:12:"HTTP_REFERER";s:26:"http://hmvc.local/checkout";s:20:"HTTP_ACCEPT_ENCODING";s:17:"gzip,deflate,sdch";s:20:"HTTP_ACCEPT_LANGUAGE";s:32:"en-US,en;q=0.8,ru;q=0.6,hy;q=0.4";s:11:"HTTP_COOKIE";s:36:"PHPSESSID=nhim15vont35tgl50crg6lvne2";s:4:"PATH";s:28:"/usr/local/bin:/usr/bin:/bin";s:16:"SERVER_SIGNATURE";s:71:"<address>Apache/2.2.22 (Ubuntu) Server at hmvc.local Port 80</address>\n";s:15:"SERVER_SOFTWARE";s:22:"Apache/2.2.22 (Ubuntu)";s:11:"SERVER_NAME";s:10:"hmvc.local";s:11:"SERVER_ADDR";s:12:"109.75.40.71";s:11:"SERVER_PORT";s:2:"80";s:11:"REMOTE_ADDR";s:13:"212.34.246.50";s:13:"DOCUMENT_ROOT";s:41:"/home/quad9550/WANCLOUD/hmvc.local/public";s:12:"SERVER_ADMIN";s:16:"admin@hmvc.local";s:15:"SCRIPT_FILENAME";s:51:"/home/quad9550/WANCLOUD/hmvc.local/public/index.php";s:11:"REMOTE_PORT";s:5:"50257";s:12:"REDIRECT_URL";s:14:"/checkout/gate";s:17:"GATEWAY_INTERFACE";s:7:"CGI/1.1";s:15:"SERVER_PROTOCOL";s:8:"HTTP/1.1";s:14:"REQUEST_METHOD";s:4:"POST";s:12:"QUERY_STRING";s:0:"";s:11:"REQUEST_URI";s:14:"/checkout/gate";s:11:"SCRIPT_NAME";s:10:"/index.php";s:8:"PHP_SELF";s:10:"/index.php";s:18:"REQUEST_TIME_FLOAT";d:1397140109.6489999;s:12:"REQUEST_TIME";i:1397140109;}', 'a:2:{s:5:"jcart";O:5:"Jcart":8:{s:6:"config";a:12:{s:9:"jcartPath";s:6:"jcart/";s:12:"checkoutPath";s:9:"/checkout";s:4:"item";a:6:{s:2:"id";s:10:"my-item-id";s:4:"name";s:12:"my-item-name";s:5:"price";s:13:"my-item-price";s:3:"qty";s:11:"my-item-qty";s:3:"url";s:11:"my-item-url";s:3:"add";s:13:"my-add-button";}s:6:"paypal";a:5:{s:2:"id";s:13:"HLQFRXK846S3U";s:5:"https";b:1;s:7:"sandbox";b:0;s:9:"returnUrl";s:1:"/";s:9:"notifyUrl";s:0:"";}s:12:"currencyCode";s:3:"AMD";s:9:"csrfToken";b:1;s:4:"text";a:15:{s:9:"cartTitle";s:16:"Զամբյուղ";s:10:"singleItem";s:6:"հատ";s:13:"multipleItems";s:6:"հատ";s:8:"subtotal";s:16:"Ընդամենը";s:6:"update";s:18:"Թարմացնել";s:8:"checkout";s:16:"Պատվիրել";s:14:"checkoutPaypal";s:25:"Վճարել PayPal֊ով";s:13:"checkoutCache";s:25:"Վճարել Տեղում";s:10:"removeLink";s:16:"Հեռացնել";s:11:"emptyButton";s:16:"Դատարկել";s:12:"emptyMessage";s:36:"Զամբյուղը Դատարկ Է։";s:9:"itemAdded";s:35:"Ուղարկվեց Զամբյուղ";s:10:"priceError";s:17:"Սխալ Գին։";s:13:"quantityError";s:21:"Սխալ Քանակ։";s:13:"checkoutError";s:59:"Զեր Պատոերը ՀՆԱՐԱՎՈՐ ՉԷ! Մշակել։";}s:6:"button";a:4:{s:8:"checkout";s:0:"";s:6:"paypal";s:0:"";s:6:"update";s:0:"";s:5:"empty";s:0:"";}s:7:"tooltip";b:1;s:11:"decimalQtys";b:0;s:13:"decimalPlaces";i:1;s:11:"priceFormat";a:3:{s:8:"decimals";i:2;s:9:"dec_point";s:1:".";s:13:"thousands_sep";s:1:",";}}s:12:"\0Jcart\0items";a:0:{}s:12:"\0Jcart\0names";a:0:{}s:13:"\0Jcart\0prices";a:0:{}s:11:"\0Jcart\0qtys";a:0:{}s:11:"\0Jcart\0urls";a:0:{}s:15:"\0Jcart\0subtotal";i:0;s:16:"\0Jcart\0itemCount";i:0;}s:10:"jcartToken";s:32:"fb5c25cbab51597753fd4aa6149b276a";}', 'Pending'),
(24, '12', 'Նյուրնբերգյան նրբերշիկ', '1', '1600', '2014-04-10 14:28:59', 'Deliver now !!!', '', '', 'City/Street :  <br>Home/Flat Number :  <br>Building Number :  <br>More Details : , ', '+3749595959595', 'More Notes : , ', '1', '1600', 'a:34:{s:15:"REDIRECT_STATUS";s:3:"200";s:9:"HTTP_HOST";s:10:"hmvc.local";s:15:"HTTP_CONNECTION";s:10:"keep-alive";s:14:"CONTENT_LENGTH";s:3:"565";s:18:"HTTP_CACHE_CONTROL";s:9:"max-age=0";s:11:"HTTP_ACCEPT";s:74:"text/html,application/xhtml+xml,application/xml;q=0.9,image/webp,*/*;q=0.8";s:11:"HTTP_ORIGIN";s:17:"http://hmvc.local";s:15:"HTTP_USER_AGENT";s:109:"Mozilla/5.0 (Windows NT 6.1; WOW64) AppleWebKit/537.36 (KHTML, like Gecko) Chrome/34.0.1847.116 Safari/537.36";s:12:"CONTENT_TYPE";s:33:"application/x-www-form-urlencoded";s:12:"HTTP_REFERER";s:26:"http://hmvc.local/checkout";s:20:"HTTP_ACCEPT_ENCODING";s:17:"gzip,deflate,sdch";s:20:"HTTP_ACCEPT_LANGUAGE";s:32:"en-US,en;q=0.8,ru;q=0.6,hy;q=0.4";s:11:"HTTP_COOKIE";s:36:"PHPSESSID=nhim15vont35tgl50crg6lvne2";s:4:"PATH";s:28:"/usr/local/bin:/usr/bin:/bin";s:16:"SERVER_SIGNATURE";s:71:"<address>Apache/2.2.22 (Ubuntu) Server at hmvc.local Port 80</address>\n";s:15:"SERVER_SOFTWARE";s:22:"Apache/2.2.22 (Ubuntu)";s:11:"SERVER_NAME";s:10:"hmvc.local";s:11:"SERVER_ADDR";s:12:"109.75.40.71";s:11:"SERVER_PORT";s:2:"80";s:11:"REMOTE_ADDR";s:13:"212.34.246.50";s:13:"DOCUMENT_ROOT";s:41:"/home/quad9550/WANCLOUD/hmvc.local/public";s:12:"SERVER_ADMIN";s:16:"admin@hmvc.local";s:15:"SCRIPT_FILENAME";s:51:"/home/quad9550/WANCLOUD/hmvc.local/public/index.php";s:11:"REMOTE_PORT";s:5:"50281";s:12:"REDIRECT_URL";s:14:"/checkout/gate";s:17:"GATEWAY_INTERFACE";s:7:"CGI/1.1";s:15:"SERVER_PROTOCOL";s:8:"HTTP/1.1";s:14:"REQUEST_METHOD";s:4:"POST";s:12:"QUERY_STRING";s:0:"";s:11:"REQUEST_URI";s:14:"/checkout/gate";s:11:"SCRIPT_NAME";s:10:"/index.php";s:8:"PHP_SELF";s:10:"/index.php";s:18:"REQUEST_TIME_FLOAT";d:1397140139.6630001;s:12:"REQUEST_TIME";i:1397140139;}', 'a:2:{s:5:"jcart";O:5:"Jcart":8:{s:6:"config";a:12:{s:9:"jcartPath";s:6:"jcart/";s:12:"checkoutPath";s:9:"/checkout";s:4:"item";a:6:{s:2:"id";s:10:"my-item-id";s:4:"name";s:12:"my-item-name";s:5:"price";s:13:"my-item-price";s:3:"qty";s:11:"my-item-qty";s:3:"url";s:11:"my-item-url";s:3:"add";s:13:"my-add-button";}s:6:"paypal";a:5:{s:2:"id";s:13:"HLQFRXK846S3U";s:5:"https";b:1;s:7:"sandbox";b:0;s:9:"returnUrl";s:1:"/";s:9:"notifyUrl";s:0:"";}s:12:"currencyCode";s:3:"AMD";s:9:"csrfToken";b:1;s:4:"text";a:15:{s:9:"cartTitle";s:16:"Զամբյուղ";s:10:"singleItem";s:6:"հատ";s:13:"multipleItems";s:6:"հատ";s:8:"subtotal";s:16:"Ընդամենը";s:6:"update";s:18:"Թարմացնել";s:8:"checkout";s:16:"Պատվիրել";s:14:"checkoutPaypal";s:25:"Վճարել PayPal֊ով";s:13:"checkoutCache";s:25:"Վճարել Տեղում";s:10:"removeLink";s:16:"Հեռացնել";s:11:"emptyButton";s:16:"Դատարկել";s:12:"emptyMessage";s:36:"Զամբյուղը Դատարկ Է։";s:9:"itemAdded";s:35:"Ուղարկվեց Զամբյուղ";s:10:"priceError";s:17:"Սխալ Գին։";s:13:"quantityError";s:21:"Սխալ Քանակ։";s:13:"checkoutError";s:59:"Զեր Պատոերը ՀՆԱՐԱՎՈՐ ՉԷ! Մշակել։";}s:6:"button";a:4:{s:8:"checkout";s:0:"";s:6:"paypal";s:0:"";s:6:"update";s:0:"";s:5:"empty";s:0:"";}s:7:"tooltip";b:1;s:11:"decimalQtys";b:0;s:13:"decimalPlaces";i:1;s:11:"priceFormat";a:3:{s:8:"decimals";i:2;s:9:"dec_point";s:1:".";s:13:"thousands_sep";s:1:",";}}s:12:"\0Jcart\0items";a:0:{}s:12:"\0Jcart\0names";a:0:{}s:13:"\0Jcart\0prices";a:0:{}s:11:"\0Jcart\0qtys";a:0:{}s:11:"\0Jcart\0urls";a:0:{}s:15:"\0Jcart\0subtotal";i:0;s:16:"\0Jcart\0itemCount";i:0;}s:10:"jcartToken";s:32:"fb5c25cbab51597753fd4aa6149b276a";}', 'delivered'),
(25, '2', 'Շոգեխաշված ստերլետ', '1', '5500', '2014-04-10 14:33:34', 'Deliver now !!!', '', '', 'City/Street :  <br>Home/Flat Number :  <br>Building Number :  <br>More Details : , ', '+3749595959595', 'More Notes : , ', '1', '5500', 'a:34:{s:15:"REDIRECT_STATUS";s:3:"200";s:9:"HTTP_HOST";s:10:"hmvc.local";s:15:"HTTP_CONNECTION";s:10:"keep-alive";s:14:"CONTENT_LENGTH";s:3:"540";s:18:"HTTP_CACHE_CONTROL";s:9:"max-age=0";s:11:"HTTP_ACCEPT";s:74:"text/html,application/xhtml+xml,application/xml;q=0.9,image/webp,*/*;q=0.8";s:11:"HTTP_ORIGIN";s:17:"http://hmvc.local";s:15:"HTTP_USER_AGENT";s:109:"Mozilla/5.0 (Windows NT 6.1; WOW64) AppleWebKit/537.36 (KHTML, like Gecko) Chrome/34.0.1847.116 Safari/537.36";s:12:"CONTENT_TYPE";s:33:"application/x-www-form-urlencoded";s:12:"HTTP_REFERER";s:26:"http://hmvc.local/checkout";s:20:"HTTP_ACCEPT_ENCODING";s:17:"gzip,deflate,sdch";s:20:"HTTP_ACCEPT_LANGUAGE";s:32:"en-US,en;q=0.8,ru;q=0.6,hy;q=0.4";s:11:"HTTP_COOKIE";s:36:"PHPSESSID=nhim15vont35tgl50crg6lvne2";s:4:"PATH";s:28:"/usr/local/bin:/usr/bin:/bin";s:16:"SERVER_SIGNATURE";s:71:"<address>Apache/2.2.22 (Ubuntu) Server at hmvc.local Port 80</address>\n";s:15:"SERVER_SOFTWARE";s:22:"Apache/2.2.22 (Ubuntu)";s:11:"SERVER_NAME";s:10:"hmvc.local";s:11:"SERVER_ADDR";s:12:"109.75.40.71";s:11:"SERVER_PORT";s:2:"80";s:11:"REMOTE_ADDR";s:13:"212.34.246.50";s:13:"DOCUMENT_ROOT";s:41:"/home/quad9550/WANCLOUD/hmvc.local/public";s:12:"SERVER_ADMIN";s:16:"admin@hmvc.local";s:15:"SCRIPT_FILENAME";s:51:"/home/quad9550/WANCLOUD/hmvc.local/public/index.php";s:11:"REMOTE_PORT";s:5:"50332";s:12:"REDIRECT_URL";s:14:"/checkout/gate";s:17:"GATEWAY_INTERFACE";s:7:"CGI/1.1";s:15:"SERVER_PROTOCOL";s:8:"HTTP/1.1";s:14:"REQUEST_METHOD";s:4:"POST";s:12:"QUERY_STRING";s:0:"";s:11:"REQUEST_URI";s:14:"/checkout/gate";s:11:"SCRIPT_NAME";s:10:"/index.php";s:8:"PHP_SELF";s:10:"/index.php";s:18:"REQUEST_TIME_FLOAT";d:1397140414.0969999;s:12:"REQUEST_TIME";i:1397140414;}', 'a:2:{s:5:"jcart";O:5:"Jcart":8:{s:6:"config";a:12:{s:9:"jcartPath";s:6:"jcart/";s:12:"checkoutPath";s:9:"/checkout";s:4:"item";a:6:{s:2:"id";s:10:"my-item-id";s:4:"name";s:12:"my-item-name";s:5:"price";s:13:"my-item-price";s:3:"qty";s:11:"my-item-qty";s:3:"url";s:11:"my-item-url";s:3:"add";s:13:"my-add-button";}s:6:"paypal";a:5:{s:2:"id";s:13:"HLQFRXK846S3U";s:5:"https";b:1;s:7:"sandbox";b:0;s:9:"returnUrl";s:1:"/";s:9:"notifyUrl";s:0:"";}s:12:"currencyCode";s:3:"AMD";s:9:"csrfToken";b:1;s:4:"text";a:15:{s:9:"cartTitle";s:16:"Զամբյուղ";s:10:"singleItem";s:6:"հատ";s:13:"multipleItems";s:6:"հատ";s:8:"subtotal";s:16:"Ընդամենը";s:6:"update";s:18:"Թարմացնել";s:8:"checkout";s:16:"Պատվիրել";s:14:"checkoutPaypal";s:25:"Վճարել PayPal֊ով";s:13:"checkoutCache";s:25:"Վճարել Տեղում";s:10:"removeLink";s:16:"Հեռացնել";s:11:"emptyButton";s:16:"Դատարկել";s:12:"emptyMessage";s:36:"Զամբյուղը Դատարկ Է։";s:9:"itemAdded";s:35:"Ուղարկվեց Զամբյուղ";s:10:"priceError";s:17:"Սխալ Գին։";s:13:"quantityError";s:21:"Սխալ Քանակ։";s:13:"checkoutError";s:59:"Զեր Պատոերը ՀՆԱՐԱՎՈՐ ՉԷ! Մշակել։";}s:6:"button";a:4:{s:8:"checkout";s:0:"";s:6:"paypal";s:0:"";s:6:"update";s:0:"";s:5:"empty";s:0:"";}s:7:"tooltip";b:1;s:11:"decimalQtys";b:0;s:13:"decimalPlaces";i:1;s:11:"priceFormat";a:3:{s:8:"decimals";i:2;s:9:"dec_point";s:1:".";s:13:"thousands_sep";s:1:",";}}s:12:"\0Jcart\0items";a:0:{}s:12:"\0Jcart\0names";a:0:{}s:13:"\0Jcart\0prices";a:0:{}s:11:"\0Jcart\0qtys";a:0:{}s:11:"\0Jcart\0urls";a:0:{}s:15:"\0Jcart\0subtotal";i:0;s:16:"\0Jcart\0itemCount";i:0;}s:10:"jcartToken";s:32:"fb5c25cbab51597753fd4aa6149b276a";}', 'Pending'),
(26, '76', 'Խեցգետին', '1', '2500', '2014-04-10 16:33:16', 'Deliver now !!!', 'Aram Armenovich Harutyunyan', 'aram.xs@gmail.com', 'City/Street : Hasratyan <br>Home/Flat Number : 8 <br>Building Number : 25 <br>More Details : more..., ', 'City/Street :  <br>Home/Flat Number :  <br>Building Number :  <br>More Details : , ', 'messss', '1', '2500', 'a:34:{s:15:"REDIRECT_STATUS";s:3:"200";s:9:"HTTP_HOST";s:10:"hmvc.local";s:15:"HTTP_CONNECTION";s:10:"keep-alive";s:14:"CONTENT_LENGTH";s:3:"484";s:18:"HTTP_CACHE_CONTROL";s:9:"max-age=0";s:11:"HTTP_ACCEPT";s:74:"text/html,application/xhtml+xml,application/xml;q=0.9,image/webp,*/*;q=0.8";s:11:"HTTP_ORIGIN";s:17:"http://hmvc.local";s:15:"HTTP_USER_AGENT";s:105:"Mozilla/5.0 (X11; Linux x86_64) AppleWebKit/537.36 (KHTML, like Gecko) Chrome/33.0.1750.152 Safari/537.36";s:12:"CONTENT_TYPE";s:33:"application/x-www-form-urlencoded";s:12:"HTTP_REFERER";s:26:"http://hmvc.local/checkout";s:20:"HTTP_ACCEPT_ENCODING";s:17:"gzip,deflate,sdch";s:20:"HTTP_ACCEPT_LANGUAGE";s:32:"en-US,en;q=0.8,ru;q=0.6,hy;q=0.4";s:11:"HTTP_COOKIE";s:36:"PHPSESSID=4pa1p2kp34cnlc8sipe5b5iov2";s:4:"PATH";s:28:"/usr/local/bin:/usr/bin:/bin";s:16:"SERVER_SIGNATURE";s:71:"<address>Apache/2.2.22 (Ubuntu) Server at hmvc.local Port 80</address>\n";s:15:"SERVER_SOFTWARE";s:22:"Apache/2.2.22 (Ubuntu)";s:11:"SERVER_NAME";s:10:"hmvc.local";s:11:"SERVER_ADDR";s:9:"127.0.0.2";s:11:"SERVER_PORT";s:2:"80";s:11:"REMOTE_ADDR";s:9:"127.0.0.1";s:13:"DOCUMENT_ROOT";s:41:"/home/quad9550/WANCLOUD/hmvc.local/public";s:12:"SERVER_ADMIN";s:16:"admin@hmvc.local";s:15:"SCRIPT_FILENAME";s:51:"/home/quad9550/WANCLOUD/hmvc.local/public/index.php";s:11:"REMOTE_PORT";s:5:"52998";s:12:"REDIRECT_URL";s:14:"/checkout/gate";s:17:"GATEWAY_INTERFACE";s:7:"CGI/1.1";s:15:"SERVER_PROTOCOL";s:8:"HTTP/1.1";s:14:"REQUEST_METHOD";s:4:"POST";s:12:"QUERY_STRING";s:0:"";s:11:"REQUEST_URI";s:14:"/checkout/gate";s:11:"SCRIPT_NAME";s:10:"/index.php";s:8:"PHP_SELF";s:10:"/index.php";s:18:"REQUEST_TIME_FLOAT";d:1397147596.9289999;s:12:"REQUEST_TIME";i:1397147596;}', 'a:2:{s:5:"jcart";O:5:"Jcart":8:{s:6:"config";a:12:{s:9:"jcartPath";s:6:"jcart/";s:12:"checkoutPath";s:9:"/checkout";s:4:"item";a:6:{s:2:"id";s:10:"my-item-id";s:4:"name";s:12:"my-item-name";s:5:"price";s:13:"my-item-price";s:3:"qty";s:11:"my-item-qty";s:3:"url";s:11:"my-item-url";s:3:"add";s:13:"my-add-button";}s:6:"paypal";a:5:{s:2:"id";s:13:"HLQFRXK846S3U";s:5:"https";b:1;s:7:"sandbox";b:0;s:9:"returnUrl";s:1:"/";s:9:"notifyUrl";s:0:"";}s:12:"currencyCode";s:3:"AMD";s:9:"csrfToken";b:1;s:4:"text";a:15:{s:9:"cartTitle";s:16:"Զամբյուղ";s:10:"singleItem";s:6:"հատ";s:13:"multipleItems";s:6:"հատ";s:8:"subtotal";s:16:"Ընդամենը";s:6:"update";s:18:"Թարմացնել";s:8:"checkout";s:16:"Պատվիրել";s:14:"checkoutPaypal";s:25:"Վճարել PayPal֊ով";s:13:"checkoutCache";s:25:"Վճարել Տեղում";s:10:"removeLink";s:16:"Հեռացնել";s:11:"emptyButton";s:16:"Դատարկել";s:12:"emptyMessage";s:36:"Զամբյուղը Դատարկ Է։";s:9:"itemAdded";s:35:"Ուղարկվեց Զամբյուղ";s:10:"priceError";s:17:"Սխալ Գին։";s:13:"quantityError";s:21:"Սխալ Քանակ։";s:13:"checkoutError";s:59:"Զեր Պատոերը ՀՆԱՐԱՎՈՐ ՉԷ! Մշակել։";}s:6:"button";a:4:{s:8:"checkout";s:0:"";s:6:"paypal";s:0:"";s:6:"update";s:0:"";s:5:"empty";s:0:"";}s:7:"tooltip";b:1;s:11:"decimalQtys";b:0;s:13:"decimalPlaces";i:1;s:11:"priceFormat";a:3:{s:8:"decimals";i:2;s:9:"dec_point";s:1:".";s:13:"thousands_sep";s:1:",";}}s:12:"\0Jcart\0items";a:0:{}s:12:"\0Jcart\0names";a:0:{}s:13:"\0Jcart\0prices";a:0:{}s:11:"\0Jcart\0qtys";a:0:{}s:11:"\0Jcart\0urls";a:0:{}s:15:"\0Jcart\0subtotal";i:0;s:16:"\0Jcart\0itemCount";i:0;}s:10:"jcartToken";s:32:"e313ce3fd67d366411dd5d29a8858a76";}', 'processing');
INSERT INTO `orders` (`idorder`, `item_number`, `item_name`, `quantity`, `amount`, `date`, `delivery_date`, `name`, `email`, `address`, `phone`, `message`, `count_sum`, `price_sum`, `user_agent`, `user_session`, `status`) VALUES
(27, '60,61,62,63,64', 'Բրինձ բանջարեղենով,Կարտոֆիլ գյուղական ձևով,Կարտոֆիլ պյուրե,Կարտոֆիլ ֆրի,Հաճարով փլավ սնկով', '1,1,1,1,1', '600,400,500,400,700', '2014-04-12 15:35:30', 'date 17/02/2017 time 16:13', '', '', 'City/Street :  <br>Home/Flat Number :  <br>Building Number :  <br>More Details : , ', '+3749595959595', 'More Notes : , ', '5', '2600', 'a:34:{s:15:"REDIRECT_STATUS";s:3:"200";s:9:"HTTP_HOST";s:10:"hmvc.local";s:15:"HTTP_CONNECTION";s:10:"keep-alive";s:14:"CONTENT_LENGTH";s:4:"1225";s:18:"HTTP_CACHE_CONTROL";s:9:"max-age=0";s:11:"HTTP_ACCEPT";s:74:"text/html,application/xhtml+xml,application/xml;q=0.9,image/webp,*/*;q=0.8";s:11:"HTTP_ORIGIN";s:17:"http://hmvc.local";s:15:"HTTP_USER_AGENT";s:109:"Mozilla/5.0 (Windows NT 6.1; WOW64) AppleWebKit/537.36 (KHTML, like Gecko) Chrome/34.0.1847.116 Safari/537.36";s:12:"CONTENT_TYPE";s:33:"application/x-www-form-urlencoded";s:12:"HTTP_REFERER";s:26:"http://hmvc.local/checkout";s:20:"HTTP_ACCEPT_ENCODING";s:17:"gzip,deflate,sdch";s:20:"HTTP_ACCEPT_LANGUAGE";s:32:"en-US,en;q=0.8,ru;q=0.6,hy;q=0.4";s:11:"HTTP_COOKIE";s:36:"PHPSESSID=70u42e8nbvotdobe9eitr8hnh3";s:4:"PATH";s:28:"/usr/local/bin:/usr/bin:/bin";s:16:"SERVER_SIGNATURE";s:71:"<address>Apache/2.2.22 (Ubuntu) Server at hmvc.local Port 80</address>\n";s:15:"SERVER_SOFTWARE";s:22:"Apache/2.2.22 (Ubuntu)";s:11:"SERVER_NAME";s:10:"hmvc.local";s:11:"SERVER_ADDR";s:13:"37.252.77.225";s:11:"SERVER_PORT";s:2:"80";s:11:"REMOTE_ADDR";s:13:"212.34.246.50";s:13:"DOCUMENT_ROOT";s:41:"/home/quad9550/WANCLOUD/hmvc.local/public";s:12:"SERVER_ADMIN";s:16:"admin@hmvc.local";s:15:"SCRIPT_FILENAME";s:51:"/home/quad9550/WANCLOUD/hmvc.local/public/index.php";s:11:"REMOTE_PORT";s:5:"50874";s:12:"REDIRECT_URL";s:14:"/checkout/gate";s:17:"GATEWAY_INTERFACE";s:7:"CGI/1.1";s:15:"SERVER_PROTOCOL";s:8:"HTTP/1.1";s:14:"REQUEST_METHOD";s:4:"POST";s:12:"QUERY_STRING";s:0:"";s:11:"REQUEST_URI";s:14:"/checkout/gate";s:11:"SCRIPT_NAME";s:10:"/index.php";s:8:"PHP_SELF";s:10:"/index.php";s:18:"REQUEST_TIME_FLOAT";d:1397316930.017;s:12:"REQUEST_TIME";i:1397316930;}', 'a:2:{s:5:"jcart";O:5:"Jcart":8:{s:6:"config";a:12:{s:9:"jcartPath";s:6:"jcart/";s:12:"checkoutPath";s:9:"/checkout";s:4:"item";a:6:{s:2:"id";s:10:"my-item-id";s:4:"name";s:12:"my-item-name";s:5:"price";s:13:"my-item-price";s:3:"qty";s:11:"my-item-qty";s:3:"url";s:11:"my-item-url";s:3:"add";s:13:"my-add-button";}s:6:"paypal";a:5:{s:2:"id";s:13:"HLQFRXK846S3U";s:5:"https";b:1;s:7:"sandbox";b:0;s:9:"returnUrl";s:1:"/";s:9:"notifyUrl";s:0:"";}s:12:"currencyCode";s:3:"AMD";s:9:"csrfToken";b:1;s:4:"text";a:15:{s:9:"cartTitle";s:16:"Զամբյուղ";s:10:"singleItem";s:6:"հատ";s:13:"multipleItems";s:6:"հատ";s:8:"subtotal";s:16:"Ընդամենը";s:6:"update";s:18:"Թարմացնել";s:8:"checkout";s:16:"Պատվիրել";s:14:"checkoutPaypal";s:25:"Վճարել PayPal֊ով";s:13:"checkoutCache";s:25:"Վճարել Տեղում";s:10:"removeLink";s:16:"Հեռացնել";s:11:"emptyButton";s:16:"Դատարկել";s:12:"emptyMessage";s:36:"Զամբյուղը Դատարկ Է։";s:9:"itemAdded";s:35:"Ուղարկվեց Զամբյուղ";s:10:"priceError";s:17:"Սխալ Գին։";s:13:"quantityError";s:21:"Սխալ Քանակ։";s:13:"checkoutError";s:59:"Զեր Պատոերը ՀՆԱՐԱՎՈՐ ՉԷ! Մշակել։";}s:6:"button";a:4:{s:8:"checkout";s:0:"";s:6:"paypal";s:0:"";s:6:"update";s:0:"";s:5:"empty";s:0:"";}s:7:"tooltip";b:1;s:11:"decimalQtys";b:0;s:13:"decimalPlaces";i:1;s:11:"priceFormat";a:3:{s:8:"decimals";i:2;s:9:"dec_point";s:1:".";s:13:"thousands_sep";s:1:",";}}s:12:"\0Jcart\0items";a:0:{}s:12:"\0Jcart\0names";a:0:{}s:13:"\0Jcart\0prices";a:0:{}s:11:"\0Jcart\0qtys";a:0:{}s:11:"\0Jcart\0urls";a:0:{}s:15:"\0Jcart\0subtotal";i:0;s:16:"\0Jcart\0itemCount";i:0;}s:10:"jcartToken";s:32:"46d4c1f660ad19ccb65542b7b9f8eec4";}', 'Pending');

-- --------------------------------------------------------

--
-- Table structure for table `page`
--

CREATE TABLE IF NOT EXISTS `page` (
  `idpage` int(63) NOT NULL AUTO_INCREMENT,
  `idurl` int(63) NOT NULL,
  `title` varchar(255) NOT NULL,
  `description` varchar(255) NOT NULL,
  `keywords` varchar(255) NOT NULL,
  `text` text NOT NULL,
  PRIMARY KEY (`idpage`),
  UNIQUE KEY `idurl` (`idurl`,`title`)
) ENGINE=InnoDB  DEFAULT CHARSET=utf8 AUTO_INCREMENT=4 ;

--
-- Dumping data for table `page`
--

INSERT INTO `page` (`idpage`, `idurl`, `title`, `description`, `keywords`, `text`) VALUES
(1, 7, 'page_title', 'page_description', 'page_keywords', 'page_text'),
(2, 134, 'Գործընկերներ', 'page_description-1', 'page_keywords-1', 'page_text-1'),
(3, 135, 'Խանութներ', 'page_description-1', 'page_keywords-1', 'page_text-1');

-- --------------------------------------------------------

--
-- Table structure for table `settings`
--

CREATE TABLE IF NOT EXISTS `settings` (
  `idsettings` int(11) NOT NULL AUTO_INCREMENT,
  `name` varchar(255) NOT NULL,
  `value` text NOT NULL,
  PRIMARY KEY (`idsettings`),
  UNIQUE KEY `name` (`name`)
) ENGINE=InnoDB DEFAULT CHARSET=utf8 AUTO_INCREMENT=1 ;

-- --------------------------------------------------------

--
-- Table structure for table `url`
--

CREATE TABLE IF NOT EXISTS `url` (
  `idurl` int(11) NOT NULL AUTO_INCREMENT,
  `url` varchar(255) DEFAULT NULL,
  `type` varchar(45) DEFAULT NULL,
  PRIMARY KEY (`idurl`),
  UNIQUE KEY `url` (`url`)
) ENGINE=InnoDB  DEFAULT CHARSET=utf8 AUTO_INCREMENT=188 ;

--
-- Dumping data for table `url`
--

INSERT INTO `url` (`idurl`, `url`, `type`) VALUES
(1, '/', 'main'),
(2, 'error_404', 'error_404'),
(3, 'cart', 'cart'),
(4, 'checkout', 'checkout'),
(5, 'news', 'news'),
(6, 'feedback', 'feedback'),
(7, 'transfer', 'transfer'),
(11, 'Krombaxer_bac_066', 'article'),
(12, 'Shogexashvats_sterlet', 'article'),
(13, 'Krombaxer_bac_033', 'article'),
(14, 'Shogexashats_ishxan', 'article'),
(15, 'Ishxan_qaratsxi_vra', 'article'),
(16, 'Garan_xashlama', 'article'),
(17, 'Krombaxer_bac_1l', 'article'),
(18, 'Krombaxer_mug_05', 'article'),
(19, 'Krombaxer_mug_1l', 'article'),
(20, 'Krombaxer_voch_filtracvats_coreni_05', 'article'),
(21, 'Krombaxer_voch_filtracvats_coreni_1l', 'article'),
(22, 'Njurnbergjan_nrbershik', 'article'),
(23, 'Xozi_nrbershik_Vinevjurst', 'article'),
(24, 'Nrbershik_panrov', 'article'),
(25, 'Tavari_nrbershik_Mjuller', 'article'),
(26, 'Xozi_nrbershik_Shinkenfilfurst', 'article'),
(27, 'Xozi_nrbershik_Rout_Vjurt', 'article'),
(28, 'Nrbershik_xozapuxtov', 'article'),
(29, 'Hndkahavi_azdr', 'article'),
(30, 'Xozi_bud_Shvajnehaqse', 'article'),
(31, 'Mis_germanakan_dzevov_Liberkia_Fajn', 'article'),
(32, 'Bavarakan_nrbershikner_+_Shvajneaksi', 'article'),
(33, 'Axcan_Krombaxer', 'article'),
(34, 'Axcan_Majraqaxaqajin', 'article'),
(35, 'Axcan_Olivje', 'article'),
(36, 'Axcan_Kesar', 'article'),
(37, 'Axcan_Hunakan', 'article'),
(38, 'Axcan_Amarajin', 'article'),
(39, 'Axcan_Havi_msov', 'article'),
(40, 'Axcan_Snkov', 'article'),
(41, 'Dzkan_asorti', 'article'),
(42, 'Msi_tesakani', 'article'),
(43, 'Panri_tesakani', 'article'),
(44, 'Ttvi_tesakani', 'article'),
(45, 'Tsovatarexi_file_xashats_kartofilov', 'article'),
(46, 'Skumbria_xashats_kartofilov', 'article'),
(47, 'Dzitaptux_sev,kanach', 'article'),
(48, 'Tarm_kanachi', 'article'),
(49, 'Kitron', 'article'),
(50, 'Hac', 'article'),
(51, 'Xozi_matner_sousov', 'article'),
(52, 'Tapakats_havi_tevikner_ktsu_sousov', 'article'),
(53, 'Paqsimatapatvats_havi_tevikner', 'article'),
(54, 'Panrajin_kroketner', 'article'),
(55, 'Tapakats_kartofil_nrbershikov', 'article'),
(56, 'Tapakats_kartofil_sardelkajov', 'article'),
(57, 'Tnakan_xozi_tapaka', 'article'),
(58, 'Buffalo_havi_tevikner', 'article'),
(59, 'Sterlet_qaratsxi_vra', 'article'),
(60, 'Chti_tapaka_kartofilov', 'article'),
(61, 'Tzhvzhik', 'article'),
(62, 'Garan_tiak_kartofilov', 'article'),
(63, 'Garan_xorovats', 'article'),
(64, 'Hav_kartofilov', 'article'),
(65, 'Xozi_chalaxaj', 'article'),
(66, 'Xozi_matner', 'article'),
(67, 'Xozi_papuk', 'article'),
(68, 'Tavari_suki_xorovats', 'article'),
(69, 'Kartofil', 'article'),
(70, 'Brindz_banjarexenov', 'article'),
(71, 'Kartofil_gjuxakan_dzevov', 'article'),
(72, 'Kartofil_pjure', 'article'),
(73, 'Kartofil_fri', 'article'),
(74, 'Hacharov_plav_snkov', 'article'),
(75, 'Gini_ijevan', 'article'),
(76, 'Gini_Areni', 'article'),
(77, 'Bnakan_hjuter_Sandora', 'article'),
(78, 'Koka-Kola', 'article'),
(79, 'Fanta', 'article'),
(80, 'Hanqajin_jur', 'article'),
(81, 'Axbjuri_jur', 'article'),
(82, 'Limonad', 'article'),
(83, 'Sprajt', 'article'),
(84, 'Gini_Vernashen', 'article'),
(85, 'Gini_Armenia', 'article'),
(86, 'Xecgetin_1', 'article'),
(87, 'Xecgetin_2', 'article'),
(88, 'Xecgetin_3', 'article'),
(89, 'Xecgetin_4', 'article'),
(90, 'Choracrats_gajladzuk', 'article'),
(91, 'Sudak', 'article'),
(92, 'Vobla', 'article'),
(93, 'Bram', 'article'),
(94, 'Tapakadzuk', 'article'),
(95, 'Asex', 'article'),
(96, 'Odzadzuk', 'article'),
(97, 'Arqajakan', 'article'),
(98, 'Dexin_shertavor_ketadzuk', 'article'),
(99, 'Anchous', 'article'),
(100, 'Asorti', 'article'),
(101, 'Tsovajin_liznak', 'article'),
(102, 'Arjuts', 'article'),
(103, 'Saxmoni_porikner', 'article'),
(104, 'Mintaj', 'article'),
(105, 'Sapatadzki_porikner', 'article'),
(106, 'Apxtats_xozi_akanjner,tshikner,dnchikner', 'article'),
(107, 'Jerki', 'article'),
(108, 'Apxtats_panir', 'article'),
(109, 'Kartofili_chips', 'article'),
(110, 'Siser', 'article'),
(111, 'Bovats_hac_sxtorov', 'article'),
(112, 'Eichener', 'article'),
(113, 'Bakalar', 'article'),
(114, 'Staropramen', 'article'),
(115, 'Prazhechka', 'article'),
(116, 'Kotajq', 'article'),
(117, 'Kilikia', 'article'),
(118, 'Garejur_Lcnovi', 'category'),
(119, 'Garejur_Shshov', 'category'),
(120, 'Garejri_xortikner', 'category'),
(121, 'Dzkan_tesakani', 'category'),
(122, 'Xecgetin', 'category'),
(123, 'Bavarakan_xortikner', 'category'),
(124, 'Taq_utestner', 'category'),
(125, 'Tonri_taq_utestner', 'category'),
(126, 'Taq_xortikner', 'category'),
(127, 'Sary_xortikner', 'category'),
(128, 'Axcanner', 'category'),
(129, 'Xavart', 'category'),
(130, 'Zovacucich_ympeliqner', 'category'),
(131, 'Gini', 'category'),
(132, 'Oxi', 'category'),
(133, 'Tsxaxot', 'category'),
(134, 'partners', 'page'),
(135, 'shops', 'page'),
(137, '', ''),
(139, 'Nor_ban', 'article'),
(141, 'Neq_meq', 'article'),
(143, 'new_ban', 'article'),
(145, 'Nor_ban1', 'article'),
(146, 'Xozi matner, ktsu sousov ', 'article'),
(147, 'Pepsi', 'article'),
(148, 'Melinda', 'article'),
(149, 'Seven ap', 'article'),
(150, 'Tan aparan', 'article'),
(151, 'Akroshka', 'article'),
(153, 'Prazhechka_shish', 'article'),
(155, 'Staropramen_shish', 'article'),
(156, 'Bakalar_shish', 'article'),
(158, 'Staropramen_shish_033', 'article'),
(159, 'Xozi koxoskr spitak sousov', 'article'),
(160, 'Xozi xary', 'article'),
(161, 'Xozi papuk', 'article'),
(162, 'Xozi iqi֊bir', 'article'),
(163, 'Garan chalaxaj', 'article'),
(164, 'Havi tevikner', 'article'),
(165, 'Havi azdr', 'article'),
(166, 'xorovats sunk', 'article'),
(167, 'Xorovats kartofil', 'article'),
(168, 'Xorovats kartofil salov, dmakov', 'article'),
(169, 'Qjabab xozi', 'article'),
(170, 'Qjabab havi', 'article'),
(171, 'Gril', 'article'),
(172, 'Shaurma xozi', 'article'),
(173, 'Shaurma havi', 'article'),
(174, 'Lahmajo poqr', 'article'),
(175, 'Lahmajo mets', 'article'),
(176, 'Karkandak', 'article'),
(178, 'Karkandak1', 'article'),
(179, 'Karkandak2', 'article'),
(180, 'Karkandak3', 'article'),
(181, 'Karkandak4', 'article'),
(182, 'Karkandak5', 'article'),
(183, 'Imeritakan xachapuri', 'article'),
(184, 'Megrelakan xachapuri', 'article'),
(185, 'Xachapuri panrov', 'article'),
(186, 'Axi Pistak', 'article'),
(187, 'Popkorn', 'article');